Country Name,Country Code,Indicator Name,Indicator Code,Year,GDP per Capita
Aruba,ABW,GDP per capita (current US$),NY.GDP.PCAP.CD,2020,22855.93232
Aruba,ABW,GDP per capita (current US$),NY.GDP.PCAP.CD,2021,27200.06108
Aruba,ABW,GDP per capita (current US$),NY.GDP.PCAP.CD,2022,30559.53353
Aruba,ABW,GDP per capita (current US$),NY.GDP.PCAP.CD,2023,33984.79062
Africa Eastern and Southern,AFE,GDP per capita (current US$),NY.GDP.PCAP.CD,2020,1344.080962
Africa Eastern and Southern,AFE,GDP per capita (current US$),NY.GDP.PCAP.CD,2021,1522.590088
Africa Eastern and Southern,AFE,GDP per capita (current US$),NY.GDP.PCAP.CD,2022,1628.024526
Africa Eastern and Southern,AFE,GDP per capita (current US$),NY.GDP.PCAP.CD,2023,1659.51529
Afghanistan,AFG,GDP per capita (current US$),NY.GDP.PCAP.CD,2020,510.7870634
Afghanistan,AFG,GDP per capita (current US$),NY.GDP.PCAP.CD,2021,356.4962141
Afghanistan,AFG,GDP per capita (current US$),NY.GDP.PCAP.CD,2022,357.2611528
Afghanistan,AFG,GDP per capita (current US$),NY.GDP.PCAP.CD,2023,415.7074171
Africa Western and Central,AFW,GDP per capita (current US$),NY.GDP.PCAP.CD,2020,1664.249176
Africa Western and Central,AFW,GDP per capita (current US$),NY.GDP.PCAP.CD,2021,1747.840549
Africa Western and Central,AFW,GDP per capita (current US$),NY.GDP.PCAP.CD,2022,1777.235012
Africa Western and Central,AFW,GDP per capita (current US$),NY.GDP.PCAP.CD,2023,1568.72431
Angola,AGO,GDP per capita (current US$),NY.GDP.PCAP.CD,2020,1449.922867
Angola,AGO,GDP per capita (current US$),NY.GDP.PCAP.CD,2021,1925.874661
Angola,AGO,GDP per capita (current US$),NY.GDP.PCAP.CD,2022,2929.694455
Angola,AGO,GDP per capita (current US$),NY.GDP.PCAP.CD,2023,2308.159767
Albania,ALB,GDP per capita (current US$),NY.GDP.PCAP.CD,2020,5370.778623
Albania,ALB,GDP per capita (current US$),NY.GDP.PCAP.CD,2021,6413.283286
Albania,ALB,GDP per capita (current US$),NY.GDP.PCAP.CD,2022,6846.426143
Albania,ALB,GDP per capita (current US$),NY.GDP.PCAP.CD,2023,8575.171134
Andorra,AND,GDP per capita (current US$),NY.GDP.PCAP.CD,2020,37361.09007
Andorra,AND,GDP per capita (current US$),NY.GDP.PCAP.CD,2021,42425.69968
Andorra,AND,GDP per capita (current US$),NY.GDP.PCAP.CD,2022,42414.05901
Andorra,AND,GDP per capita (current US$),NY.GDP.PCAP.CD,2023,46812.44845
Arab World,ARB,GDP per capita (current US$),NY.GDP.PCAP.CD,2020,5648.341118
Arab World,ARB,GDP per capita (current US$),NY.GDP.PCAP.CD,2021,6445.807261
Arab World,ARB,GDP per capita (current US$),NY.GDP.PCAP.CD,2022,7658.40647
Arab World,ARB,GDP per capita (current US$),NY.GDP.PCAP.CD,2023,7292.210408
United Arab Emirates,ARE,GDP per capita (current US$),NY.GDP.PCAP.CD,2020,37173.87541
United Arab Emirates,ARE,GDP per capita (current US$),NY.GDP.PCAP.CD,2021,43360.0211
United Arab Emirates,ARE,GDP per capita (current US$),NY.GDP.PCAP.CD,2022,49899.0653
United Arab Emirates,ARE,GDP per capita (current US$),NY.GDP.PCAP.CD,2023,49040.69475
Argentina,ARG,GDP per capita (current US$),NY.GDP.PCAP.CD,2020,8535.59938
Argentina,ARG,GDP per capita (current US$),NY.GDP.PCAP.CD,2021,10738.01792
Argentina,ARG,GDP per capita (current US$),NY.GDP.PCAP.CD,2022,13935.68111
Argentina,ARG,GDP per capita (current US$),NY.GDP.PCAP.CD,2023,14187.48273
Armenia,ARM,GDP per capita (current US$),NY.GDP.PCAP.CD,2020,4268.680933
Armenia,ARM,GDP per capita (current US$),NY.GDP.PCAP.CD,2021,4685.179971
Armenia,ARM,GDP per capita (current US$),NY.GDP.PCAP.CD,2022,6571.974455
Armenia,ARM,GDP per capita (current US$),NY.GDP.PCAP.CD,2023,8053.010663
American Samoa,ASM,GDP per capita (current US$),NY.GDP.PCAP.CD,2020,14489.25866
American Samoa,ASM,GDP per capita (current US$),NY.GDP.PCAP.CD,2021,15236.16049
American Samoa,ASM,GDP per capita (current US$),NY.GDP.PCAP.CD,2022,18017.45894
Antigua and Barbuda,ATG,GDP per capita (current US$),NY.GDP.PCAP.CD,2020,15360.45442
Antigua and Barbuda,ATG,GDP per capita (current US$),NY.GDP.PCAP.CD,2021,17340.37907
Antigua and Barbuda,ATG,GDP per capita (current US$),NY.GDP.PCAP.CD,2022,20117.76533
Antigua and Barbuda,ATG,GDP per capita (current US$),NY.GDP.PCAP.CD,2023,21787.10173
Australia,AUS,GDP per capita (current US$),NY.GDP.PCAP.CD,2020,51791.54018
Australia,AUS,GDP per capita (current US$),NY.GDP.PCAP.CD,2021,60607.77886
Australia,AUS,GDP per capita (current US$),NY.GDP.PCAP.CD,2022,64997.01365
Australia,AUS,GDP per capita (current US$),NY.GDP.PCAP.CD,2023,64820.91179
Austria,AUT,GDP per capita (current US$),NY.GDP.PCAP.CD,2020,48716.40989
Austria,AUT,GDP per capita (current US$),NY.GDP.PCAP.CD,2021,53648.71907
Austria,AUT,GDP per capita (current US$),NY.GDP.PCAP.CD,2022,52176.66491
Austria,AUT,GDP per capita (current US$),NY.GDP.PCAP.CD,2023,56033.57379
Azerbaijan,AZE,GDP per capita (current US$),NY.GDP.PCAP.CD,2020,4229.910649
Azerbaijan,AZE,GDP per capita (current US$),NY.GDP.PCAP.CD,2021,5408.045352
Azerbaijan,AZE,GDP per capita (current US$),NY.GDP.PCAP.CD,2022,7770.594223
Azerbaijan,AZE,GDP per capita (current US$),NY.GDP.PCAP.CD,2023,7125.908584
Burundi,BDI,GDP per capita (current US$),NY.GDP.PCAP.CD,2020,210.0081399
Burundi,BDI,GDP per capita (current US$),NY.GDP.PCAP.CD,2021,214.0914554
Burundi,BDI,GDP per capita (current US$),NY.GDP.PCAP.CD,2022,250.6342254
Burundi,BDI,GDP per capita (current US$),NY.GDP.PCAP.CD,2023,193.0071456
Belgium,BEL,GDP per capita (current US$),NY.GDP.PCAP.CD,2020,45906.28758
Belgium,BEL,GDP per capita (current US$),NY.GDP.PCAP.CD,2021,51655.78833
Belgium,BEL,GDP per capita (current US$),NY.GDP.PCAP.CD,2022,50807.20471
Belgium,BEL,GDP per capita (current US$),NY.GDP.PCAP.CD,2023,54700.90932
Benin,BEN,GDP per capita (current US$),NY.GDP.PCAP.CD,2020,1197.501364
Benin,BEN,GDP per capita (current US$),NY.GDP.PCAP.CD,2021,1318.834978
Benin,BEN,GDP per capita (current US$),NY.GDP.PCAP.CD,2022,1264.70766
Benin,BEN,GDP per capita (current US$),NY.GDP.PCAP.CD,2023,1394.373302
Burkina Faso,BFA,GDP per capita (current US$),NY.GDP.PCAP.CD,2020,825.2370388
Burkina Faso,BFA,GDP per capita (current US$),NY.GDP.PCAP.CD,2021,895.5352884
Burkina Faso,BFA,GDP per capita (current US$),NY.GDP.PCAP.CD,2022,836.1183046
Burkina Faso,BFA,GDP per capita (current US$),NY.GDP.PCAP.CD,2023,882.6898101
Bangladesh,BGD,GDP per capita (current US$),NY.GDP.PCAP.CD,2020,2248.850788
Bangladesh,BGD,GDP per capita (current US$),NY.GDP.PCAP.CD,2021,2482.849178
Bangladesh,BGD,GDP per capita (current US$),NY.GDP.PCAP.CD,2022,2716.485927
Bangladesh,BGD,GDP per capita (current US$),NY.GDP.PCAP.CD,2023,2551.017727
Bulgaria,BGR,GDP per capita (current US$),NY.GDP.PCAP.CD,2020,10198.53883
Bulgaria,BGR,GDP per capita (current US$),NY.GDP.PCAP.CD,2021,12274.0776
Bulgaria,BGR,GDP per capita (current US$),NY.GDP.PCAP.CD,2022,13644.20158
Bulgaria,BGR,GDP per capita (current US$),NY.GDP.PCAP.CD,2023,15885.53913
Bahrain,BHR,GDP per capita (current US$),NY.GDP.PCAP.CD,2020,24342.84446
Bahrain,BHR,GDP per capita (current US$),NY.GDP.PCAP.CD,2021,27147.80839
Bahrain,BHR,GDP per capita (current US$),NY.GDP.PCAP.CD,2022,30616.26107
Bahrain,BHR,GDP per capita (current US$),NY.GDP.PCAP.CD,2023,29218.86056
"Bahamas, The",BHS,GDP per capita (current US$),NY.GDP.PCAP.CD,2020,25155.67254
"Bahamas, The",BHS,GDP per capita (current US$),NY.GDP.PCAP.CD,2021,28682.327
"Bahamas, The",BHS,GDP per capita (current US$),NY.GDP.PCAP.CD,2022,33044.38821
"Bahamas, The",BHS,GDP per capita (current US$),NY.GDP.PCAP.CD,2023,35896.50511
Bosnia and Herzegovina,BIH,GDP per capita (current US$),NY.GDP.PCAP.CD,2020,6130.311332
Bosnia and Herzegovina,BIH,GDP per capita (current US$),NY.GDP.PCAP.CD,2021,7295.343824
Bosnia and Herzegovina,BIH,GDP per capita (current US$),NY.GDP.PCAP.CD,2022,7655.59421
Bosnia and Herzegovina,BIH,GDP per capita (current US$),NY.GDP.PCAP.CD,2023,8638.666202
Belarus,BLR,GDP per capita (current US$),NY.GDP.PCAP.CD,2020,6542.86454
Belarus,BLR,GDP per capita (current US$),NY.GDP.PCAP.CD,2021,7489.718947
Belarus,BLR,GDP per capita (current US$),NY.GDP.PCAP.CD,2022,7994.648061
Belarus,BLR,GDP per capita (current US$),NY.GDP.PCAP.CD,2023,7829.053137
Belize,BLZ,GDP per capita (current US$),NY.GDP.PCAP.CD,2020,5227.193638
Belize,BLZ,GDP per capita (current US$),NY.GDP.PCAP.CD,2021,6122.611586
Belize,BLZ,GDP per capita (current US$),NY.GDP.PCAP.CD,2022,7068.454783
Belize,BLZ,GDP per capita (current US$),NY.GDP.PCAP.CD,2023,7459.998151
Bermuda,BMU,GDP per capita (current US$),NY.GDP.PCAP.CD,2020,106973.1757
Bermuda,BMU,GDP per capita (current US$),NY.GDP.PCAP.CD,2021,112712.0251
Bermuda,BMU,GDP per capita (current US$),NY.GDP.PCAP.CD,2022,120897.3112
Bermuda,BMU,GDP per capita (current US$),NY.GDP.PCAP.CD,2023,125841.6025
Bolivia,BOL,GDP per capita (current US$),NY.GDP.PCAP.CD,2020,3099.94219
Bolivia,BOL,GDP per capita (current US$),NY.GDP.PCAP.CD,2021,3384.844865
Bolivia,BOL,GDP per capita (current US$),NY.GDP.PCAP.CD,2022,3643.92827
Bolivia,BOL,GDP per capita (current US$),NY.GDP.PCAP.CD,2023,3686.279965
Brazil,BRA,GDP per capita (current US$),NY.GDP.PCAP.CD,2020,7074.193783
Brazil,BRA,GDP per capita (current US$),NY.GDP.PCAP.CD,2021,7972.53665
Brazil,BRA,GDP per capita (current US$),NY.GDP.PCAP.CD,2022,9281.333344
Brazil,BRA,GDP per capita (current US$),NY.GDP.PCAP.CD,2023,10294.86668
Barbados,BRB,GDP per capita (current US$),NY.GDP.PCAP.CD,2020,18347.11091
Barbados,BRB,GDP per capita (current US$),NY.GDP.PCAP.CD,2021,18696.7859
Barbados,BRB,GDP per capita (current US$),NY.GDP.PCAP.CD,2022,22164.02603
Barbados,BRB,GDP per capita (current US$),NY.GDP.PCAP.CD,2023,23804.02499
Brunei Darussalam,BRN,GDP per capita (current US$),NY.GDP.PCAP.CD,2020,26834.35925
Brunei Darussalam,BRN,GDP per capita (current US$),NY.GDP.PCAP.CD,2021,31006.96362
Brunei Darussalam,BRN,GDP per capita (current US$),NY.GDP.PCAP.CD,2022,36632.92804
Brunei Darussalam,BRN,GDP per capita (current US$),NY.GDP.PCAP.CD,2023,32962.90651
Bhutan,BTN,GDP per capita (current US$),NY.GDP.PCAP.CD,2020,3191.66907
Bhutan,BTN,GDP per capita (current US$),NY.GDP.PCAP.CD,2021,3570.612579
Bhutan,BTN,GDP per capita (current US$),NY.GDP.PCAP.CD,2022,3711.327679
Botswana,BWA,GDP per capita (current US$),NY.GDP.PCAP.CD,2020,6323.314192
Botswana,BWA,GDP per capita (current US$),NY.GDP.PCAP.CD,2021,7808.20624
Botswana,BWA,GDP per capita (current US$),NY.GDP.PCAP.CD,2022,8329.040322
Botswana,BWA,GDP per capita (current US$),NY.GDP.PCAP.CD,2023,7820.232404
Central African Republic,CAF,GDP per capita (current US$),NY.GDP.PCAP.CD,2020,462.8790713
Central African Republic,CAF,GDP per capita (current US$),NY.GDP.PCAP.CD,2021,492.2631428
Central African Republic,CAF,GDP per capita (current US$),NY.GDP.PCAP.CD,2022,467.359825
Central African Republic,CAF,GDP per capita (current US$),NY.GDP.PCAP.CD,2023,495.9788972
Canada,CAN,GDP per capita (current US$),NY.GDP.PCAP.CD,2020,43537.8393
Canada,CAN,GDP per capita (current US$),NY.GDP.PCAP.CD,2021,52496.84417
Canada,CAN,GDP per capita (current US$),NY.GDP.PCAP.CD,2022,55509.39318
Canada,CAN,GDP per capita (current US$),NY.GDP.PCAP.CD,2023,53431.18571
Central Europe and the Baltics,CEB,GDP per capita (current US$),NY.GDP.PCAP.CD,2020,16450.87751
Central Europe and the Baltics,CEB,GDP per capita (current US$),NY.GDP.PCAP.CD,2021,19144.06855
Central Europe and the Baltics,CEB,GDP per capita (current US$),NY.GDP.PCAP.CD,2022,19502.81693
Central Europe and the Baltics,CEB,GDP per capita (current US$),NY.GDP.PCAP.CD,2023,22637.79501
Switzerland,CHE,GDP per capita (current US$),NY.GDP.PCAP.CD,2020,85897.78433
Switzerland,CHE,GDP per capita (current US$),NY.GDP.PCAP.CD,2021,93446.43445
Switzerland,CHE,GDP per capita (current US$),NY.GDP.PCAP.CD,2022,93245.79521
Switzerland,CHE,GDP per capita (current US$),NY.GDP.PCAP.CD,2023,99564.71003
Channel Islands,CHI,GDP per capita (current US$),NY.GDP.PCAP.CD,2020,56785.94024
Channel Islands,CHI,GDP per capita (current US$),NY.GDP.PCAP.CD,2021,66912.17501
Channel Islands,CHI,GDP per capita (current US$),NY.GDP.PCAP.CD,2022,67627.30823
Channel Islands,CHI,GDP per capita (current US$),NY.GDP.PCAP.CD,2023,74589.13802
Chile,CHL,GDP per capita (current US$),NY.GDP.PCAP.CD,2020,13114.81547
Chile,CHL,GDP per capita (current US$),NY.GDP.PCAP.CD,2021,16216.57065
Chile,CHL,GDP per capita (current US$),NY.GDP.PCAP.CD,2022,15451.13196
Chile,CHL,GDP per capita (current US$),NY.GDP.PCAP.CD,2023,17067.81362
China,CHN,GDP per capita (current US$),NY.GDP.PCAP.CD,2020,10408.71955
China,CHN,GDP per capita (current US$),NY.GDP.PCAP.CD,2021,12617.5051
China,CHN,GDP per capita (current US$),NY.GDP.PCAP.CD,2022,12662.58267
China,CHN,GDP per capita (current US$),NY.GDP.PCAP.CD,2023,12614.06174
Cote d'Ivoire,CIV,GDP per capita (current US$),NY.GDP.PCAP.CD,2020,2179.729348
Cote d'Ivoire,CIV,GDP per capita (current US$),NY.GDP.PCAP.CD,2021,2455.981276
Cote d'Ivoire,CIV,GDP per capita (current US$),NY.GDP.PCAP.CD,2022,2308.706547
Cote d'Ivoire,CIV,GDP per capita (current US$),NY.GDP.PCAP.CD,2023,2530.846593
Cameroon,CMR,GDP per capita (current US$),NY.GDP.PCAP.CD,2020,1555.603707
Cameroon,CMR,GDP per capita (current US$),NY.GDP.PCAP.CD,2021,1672.326573
Cameroon,CMR,GDP per capita (current US$),NY.GDP.PCAP.CD,2022,1604.87727
Cameroon,CMR,GDP per capita (current US$),NY.GDP.PCAP.CD,2023,1736.860911
"Congo, Dem. Rep.",COD,GDP per capita (current US$),NY.GDP.PCAP.CD,2020,507.5212301
"Congo, Dem. Rep.",COD,GDP per capita (current US$),NY.GDP.PCAP.CD,2021,558.0340773
"Congo, Dem. Rep.",COD,GDP per capita (current US$),NY.GDP.PCAP.CD,2022,642.6122658
"Congo, Dem. Rep.",COD,GDP per capita (current US$),NY.GDP.PCAP.CD,2023,627.5021817
"Congo, Rep.",COG,GDP per capita (current US$),NY.GDP.PCAP.CD,2020,1993.586672
"Congo, Rep.",COG,GDP per capita (current US$),NY.GDP.PCAP.CD,2021,2516.162551
"Congo, Rep.",COG,GDP per capita (current US$),NY.GDP.PCAP.CD,2022,2620.838043
"Congo, Rep.",COG,GDP per capita (current US$),NY.GDP.PCAP.CD,2023,2477.978455
Colombia,COL,GDP per capita (current US$),NY.GDP.PCAP.CD,2020,5339.687114
Colombia,COL,GDP per capita (current US$),NY.GDP.PCAP.CD,2021,6222.621644
Colombia,COL,GDP per capita (current US$),NY.GDP.PCAP.CD,2022,6674.596019
Colombia,COL,GDP per capita (current US$),NY.GDP.PCAP.CD,2023,6947.359287
Comoros,COM,GDP per capita (current US$),NY.GDP.PCAP.CD,2020,1527.16991
Comoros,COM,GDP per capita (current US$),NY.GDP.PCAP.CD,2021,1584.124502
Comoros,COM,GDP per capita (current US$),NY.GDP.PCAP.CD,2022,1489.495663
Comoros,COM,GDP per capita (current US$),NY.GDP.PCAP.CD,2023,1590.312377
Cabo Verde,CPV,GDP per capita (current US$),NY.GDP.PCAP.CD,2020,3539.22662
Cabo Verde,CPV,GDP per capita (current US$),NY.GDP.PCAP.CD,2021,3971.444074
Cabo Verde,CPV,GDP per capita (current US$),NY.GDP.PCAP.CD,2022,4323.313627
Cabo Verde,CPV,GDP per capita (current US$),NY.GDP.PCAP.CD,2023,4850.984158
Costa Rica,CRI,GDP per capita (current US$),NY.GDP.PCAP.CD,2020,12394.0494
Costa Rica,CRI,GDP per capita (current US$),NY.GDP.PCAP.CD,2021,12838.11854
Costa Rica,CRI,GDP per capita (current US$),NY.GDP.PCAP.CD,2022,13625.90085
Costa Rica,CRI,GDP per capita (current US$),NY.GDP.PCAP.CD,2023,16942.02681
Caribbean small states,CSS,GDP per capita (current US$),NY.GDP.PCAP.CD,2020,10270.79047
Caribbean small states,CSS,GDP per capita (current US$),NY.GDP.PCAP.CD,2021,11920.34276
Caribbean small states,CSS,GDP per capita (current US$),NY.GDP.PCAP.CD,2022,15564.55762
Caribbean small states,CSS,GDP per capita (current US$),NY.GDP.PCAP.CD,2023,16906.56721
Cuba,CUB,GDP per capita (current US$),NY.GDP.PCAP.CD,2020,9605.261251
Curacao,CUW,GDP per capita (current US$),NY.GDP.PCAP.CD,2020,16356.09336
Curacao,CUW,GDP per capita (current US$),NY.GDP.PCAP.CD,2021,17980.08884
Curacao,CUW,GDP per capita (current US$),NY.GDP.PCAP.CD,2022,20501.75228
Curacao,CUW,GDP per capita (current US$),NY.GDP.PCAP.CD,2023,22192.4453
Cayman Islands,CYM,GDP per capita (current US$),NY.GDP.PCAP.CD,2020,82338.79829
Cayman Islands,CYM,GDP per capita (current US$),NY.GDP.PCAP.CD,2021,86438.44526
Cayman Islands,CYM,GDP per capita (current US$),NY.GDP.PCAP.CD,2022,92202.1478
Cayman Islands,CYM,GDP per capita (current US$),NY.GDP.PCAP.CD,2023,97749.5079
Cyprus,CYP,GDP per capita (current US$),NY.GDP.PCAP.CD,2020,28649.01563
Cyprus,CYP,GDP per capita (current US$),NY.GDP.PCAP.CD,2021,33734.29297
Cyprus,CYP,GDP per capita (current US$),NY.GDP.PCAP.CD,2022,33938.94531
Cyprus,CYP,GDP per capita (current US$),NY.GDP.PCAP.CD,2023,36551.41797
Czechia,CZE,GDP per capita (current US$),NY.GDP.PCAP.CD,2020,23472.89155
Czechia,CZE,GDP per capita (current US$),NY.GDP.PCAP.CD,2021,27696.46195
Czechia,CZE,GDP per capita (current US$),NY.GDP.PCAP.CD,2022,28282.22367
Czechia,CZE,GDP per capita (current US$),NY.GDP.PCAP.CD,2023,31591.17707
Germany,DEU,GDP per capita (current US$),NY.GDP.PCAP.CD,2020,47379.76519
Germany,DEU,GDP per capita (current US$),NY.GDP.PCAP.CD,2021,52265.65416
Germany,DEU,GDP per capita (current US$),NY.GDP.PCAP.CD,2022,49686.11546
Germany,DEU,GDP per capita (current US$),NY.GDP.PCAP.CD,2023,54343.22651
Djibouti,DJI,GDP per capita (current US$),NY.GDP.PCAP.CD,2020,2881.999245
Djibouti,DJI,GDP per capita (current US$),NY.GDP.PCAP.CD,2021,3019.693439
Djibouti,DJI,GDP per capita (current US$),NY.GDP.PCAP.CD,2022,3231.300153
Djibouti,DJI,GDP per capita (current US$),NY.GDP.PCAP.CD,2023,3554.839189
Dominica,DMA,GDP per capita (current US$),NY.GDP.PCAP.CD,2020,7461.779332
Dominica,DMA,GDP per capita (current US$),NY.GDP.PCAP.CD,2021,8262.650913
Dominica,DMA,GDP per capita (current US$),NY.GDP.PCAP.CD,2022,9085.674128
Dominica,DMA,GDP per capita (current US$),NY.GDP.PCAP.CD,2023,9832.996431
Denmark,DNK,GDP per capita (current US$),NY.GDP.PCAP.CD,2020,60985.48856
Denmark,DNK,GDP per capita (current US$),NY.GDP.PCAP.CD,2021,69727.98737
Denmark,DNK,GDP per capita (current US$),NY.GDP.PCAP.CD,2022,68091.31911
Denmark,DNK,GDP per capita (current US$),NY.GDP.PCAP.CD,2023,68453.87693
Dominican Republic,DOM,GDP per capita (current US$),NY.GDP.PCAP.CD,2020,7162.291752
Dominican Republic,DOM,GDP per capita (current US$),NY.GDP.PCAP.CD,2021,8472.47982
Dominican Republic,DOM,GDP per capita (current US$),NY.GDP.PCAP.CD,2022,10109.5234
Dominican Republic,DOM,GDP per capita (current US$),NY.GDP.PCAP.CD,2023,10717.62767
Algeria,DZA,GDP per capita (current US$),NY.GDP.PCAP.CD,2020,3743.541952
Algeria,DZA,GDP per capita (current US$),NY.GDP.PCAP.CD,2021,4160.559267
Algeria,DZA,GDP per capita (current US$),NY.GDP.PCAP.CD,2022,4961.552577
Algeria,DZA,GDP per capita (current US$),NY.GDP.PCAP.CD,2023,5364.02795
East Asia & Pacific (excluding high income),EAP,GDP per capita (current US$),NY.GDP.PCAP.CD,2020,8245.715216
East Asia & Pacific (excluding high income),EAP,GDP per capita (current US$),NY.GDP.PCAP.CD,2021,9795.319389
East Asia & Pacific (excluding high income),EAP,GDP per capita (current US$),NY.GDP.PCAP.CD,2022,9901.264099
East Asia & Pacific (excluding high income),EAP,GDP per capita (current US$),NY.GDP.PCAP.CD,2023,9900.613565
Early-demographic dividend,EAR,GDP per capita (current US$),NY.GDP.PCAP.CD,2020,3240.951502
Early-demographic dividend,EAR,GDP per capita (current US$),NY.GDP.PCAP.CD,2021,3732.868491
Early-demographic dividend,EAR,GDP per capita (current US$),NY.GDP.PCAP.CD,2022,4076.367491
Early-demographic dividend,EAR,GDP per capita (current US$),NY.GDP.PCAP.CD,2023,4256.784144
East Asia & Pacific,EAS,GDP per capita (current US$),NY.GDP.PCAP.CD,2020,11464.10129
East Asia & Pacific,EAS,GDP per capita (current US$),NY.GDP.PCAP.CD,2021,13117.39899
East Asia & Pacific,EAS,GDP per capita (current US$),NY.GDP.PCAP.CD,2022,12889.9062
East Asia & Pacific,EAS,GDP per capita (current US$),NY.GDP.PCAP.CD,2023,12908.63771
Europe & Central Asia (excluding high income),ECA,GDP per capita (current US$),NY.GDP.PCAP.CD,2020,5733.538812
Europe & Central Asia (excluding high income),ECA,GDP per capita (current US$),NY.GDP.PCAP.CD,2021,6623.50479
Europe & Central Asia (excluding high income),ECA,GDP per capita (current US$),NY.GDP.PCAP.CD,2022,7247.734917
Europe & Central Asia (excluding high income),ECA,GDP per capita (current US$),NY.GDP.PCAP.CD,2023,8548.010378
Europe & Central Asia,ECS,GDP per capita (current US$),NY.GDP.PCAP.CD,2020,24091.34169
Europe & Central Asia,ECS,GDP per capita (current US$),NY.GDP.PCAP.CD,2021,27591.24375
Europe & Central Asia,ECS,GDP per capita (current US$),NY.GDP.PCAP.CD,2022,27731.76954
Europe & Central Asia,ECS,GDP per capita (current US$),NY.GDP.PCAP.CD,2023,29789.15403
Ecuador,ECU,GDP per capita (current US$),NY.GDP.PCAP.CD,2020,5463.645096
Ecuador,ECU,GDP per capita (current US$),NY.GDP.PCAP.CD,2021,6075.802657
Ecuador,ECU,GDP per capita (current US$),NY.GDP.PCAP.CD,2022,6540.998245
Ecuador,ECU,GDP per capita (current US$),NY.GDP.PCAP.CD,2023,6609.804082
"Egypt, Arab Rep.",EGY,GDP per capita (current US$),NY.GDP.PCAP.CD,2020,3511.11381
"Egypt, Arab Rep.",EGY,GDP per capita (current US$),NY.GDP.PCAP.CD,2021,3827.354154
"Egypt, Arab Rep.",EGY,GDP per capita (current US$),NY.GDP.PCAP.CD,2022,4233.307837
"Egypt, Arab Rep.",EGY,GDP per capita (current US$),NY.GDP.PCAP.CD,2023,3457.456916
Euro area,EMU,GDP per capita (current US$),NY.GDP.PCAP.CD,2020,38241.57565
Euro area,EMU,GDP per capita (current US$),NY.GDP.PCAP.CD,2021,42978.88179
Euro area,EMU,GDP per capita (current US$),NY.GDP.PCAP.CD,2022,41454.16602
Euro area,EMU,GDP per capita (current US$),NY.GDP.PCAP.CD,2023,45130.12405
Spain,ESP,GDP per capita (current US$),NY.GDP.PCAP.CD,2020,27230.35999
Spain,ESP,GDP per capita (current US$),NY.GDP.PCAP.CD,2021,30817.68286
Spain,ESP,GDP per capita (current US$),NY.GDP.PCAP.CD,2022,30287.36576
Spain,ESP,GDP per capita (current US$),NY.GDP.PCAP.CD,2023,33509.0128
Estonia,EST,GDP per capita (current US$),NY.GDP.PCAP.CD,2020,23933.99394
Estonia,EST,GDP per capita (current US$),NY.GDP.PCAP.CD,2021,27953.76702
Estonia,EST,GDP per capita (current US$),NY.GDP.PCAP.CD,2022,28451.14778
Estonia,EST,GDP per capita (current US$),NY.GDP.PCAP.CD,2023,30133.30445
Ethiopia,ETH,GDP per capita (current US$),NY.GDP.PCAP.CD,2020,905.3131758
Ethiopia,ETH,GDP per capita (current US$),NY.GDP.PCAP.CD,2021,910.9478403
Ethiopia,ETH,GDP per capita (current US$),NY.GDP.PCAP.CD,2022,1011.073286
Ethiopia,ETH,GDP per capita (current US$),NY.GDP.PCAP.CD,2023,1272.016282
European Union,EUU,GDP per capita (current US$),NY.GDP.PCAP.CD,2020,34635.48959
European Union,EUU,GDP per capita (current US$),NY.GDP.PCAP.CD,2021,39180.37584
European Union,EUU,GDP per capita (current US$),NY.GDP.PCAP.CD,2022,37948.95054
European Union,EUU,GDP per capita (current US$),NY.GDP.PCAP.CD,2023,41422.79997
Fragile and conflict affected situations,FCS,GDP per capita (current US$),NY.GDP.PCAP.CD,2020,1680.968847
Fragile and conflict affected situations,FCS,GDP per capita (current US$),NY.GDP.PCAP.CD,2021,1753.547754
Fragile and conflict affected situations,FCS,GDP per capita (current US$),NY.GDP.PCAP.CD,2022,1892.622706
Fragile and conflict affected situations,FCS,GDP per capita (current US$),NY.GDP.PCAP.CD,2023,1830.332718
Finland,FIN,GDP per capita (current US$),NY.GDP.PCAP.CD,2020,48828.68469
Finland,FIN,GDP per capita (current US$),NY.GDP.PCAP.CD,2021,53099.13514
Finland,FIN,GDP per capita (current US$),NY.GDP.PCAP.CD,2022,50438.4754
Finland,FIN,GDP per capita (current US$),NY.GDP.PCAP.CD,2023,52925.68976
Fiji,FJI,GDP per capita (current US$),NY.GDP.PCAP.CD,2020,4844.42129
Fiji,FJI,GDP per capita (current US$),NY.GDP.PCAP.CD,2021,4696.171019
Fiji,FJI,GDP per capita (current US$),NY.GDP.PCAP.CD,2022,5405.030074
Fiji,FJI,GDP per capita (current US$),NY.GDP.PCAP.CD,2023,5888.736686
France,FRA,GDP per capita (current US$),NY.GDP.PCAP.CD,2020,39169.8606
France,FRA,GDP per capita (current US$),NY.GDP.PCAP.CD,2021,43725.09995
France,FRA,GDP per capita (current US$),NY.GDP.PCAP.CD,2022,41082.81193
France,FRA,GDP per capita (current US$),NY.GDP.PCAP.CD,2023,44690.93454
Faroe Islands,FRO,GDP per capita (current US$),NY.GDP.PCAP.CD,2020,62236.08666
Faroe Islands,FRO,GDP per capita (current US$),NY.GDP.PCAP.CD,2021,68736.50561
Faroe Islands,FRO,GDP per capita (current US$),NY.GDP.PCAP.CD,2022,66108.73365
Faroe Islands,FRO,GDP per capita (current US$),NY.GDP.PCAP.CD,2023,71717.70422
"Micronesia, Fed. Sts.",FSM,GDP per capita (current US$),NY.GDP.PCAP.CD,2020,3353.88943
"Micronesia, Fed. Sts.",FSM,GDP per capita (current US$),NY.GDP.PCAP.CD,2021,3493.872286
"Micronesia, Fed. Sts.",FSM,GDP per capita (current US$),NY.GDP.PCAP.CD,2022,3835.381843
"Micronesia, Fed. Sts.",FSM,GDP per capita (current US$),NY.GDP.PCAP.CD,2023,4084.169404
Gabon,GAB,GDP per capita (current US$),NY.GDP.PCAP.CD,2020,6605.803461
Gabon,GAB,GDP per capita (current US$),NY.GDP.PCAP.CD,2021,8181.409141
Gabon,GAB,GDP per capita (current US$),NY.GDP.PCAP.CD,2022,8409.207415
Gabon,GAB,GDP per capita (current US$),NY.GDP.PCAP.CD,2023,7802.836596
United Kingdom,GBR,GDP per capita (current US$),NY.GDP.PCAP.CD,2020,40201.68124
United Kingdom,GBR,GDP per capita (current US$),NY.GDP.PCAP.CD,2021,46896.86624
United Kingdom,GBR,GDP per capita (current US$),NY.GDP.PCAP.CD,2022,45935.92765
United Kingdom,GBR,GDP per capita (current US$),NY.GDP.PCAP.CD,2023,49463.85546
Georgia,GEO,GDP per capita (current US$),NY.GDP.PCAP.CD,2020,4300.857013
Georgia,GEO,GDP per capita (current US$),NY.GDP.PCAP.CD,2021,5083.606955
Georgia,GEO,GDP per capita (current US$),NY.GDP.PCAP.CD,2022,6729.846599
Georgia,GEO,GDP per capita (current US$),NY.GDP.PCAP.CD,2023,8283.669602
Ghana,GHA,GDP per capita (current US$),NY.GDP.PCAP.CD,2020,2196.547893
Ghana,GHA,GDP per capita (current US$),NY.GDP.PCAP.CD,2021,2445.500818
Ghana,GHA,GDP per capita (current US$),NY.GDP.PCAP.CD,2022,2240.279451
Ghana,GHA,GDP per capita (current US$),NY.GDP.PCAP.CD,2023,2260.287413
Guinea,GIN,GDP per capita (current US$),NY.GDP.PCAP.CD,2020,1053.660977
Guinea,GIN,GDP per capita (current US$),NY.GDP.PCAP.CD,2021,1244.965505
Guinea,GIN,GDP per capita (current US$),NY.GDP.PCAP.CD,2022,1416.59612
Guinea,GIN,GDP per capita (current US$),NY.GDP.PCAP.CD,2023,1541.040509
"Gambia, The",GMB,GDP per capita (current US$),NY.GDP.PCAP.CD,2020,720.3351434
"Gambia, The",GMB,GDP per capita (current US$),NY.GDP.PCAP.CD,2021,781.8909252
"Gambia, The",GMB,GDP per capita (current US$),NY.GDP.PCAP.CD,2022,836.2448759
"Gambia, The",GMB,GDP per capita (current US$),NY.GDP.PCAP.CD,2023,888.1574077
Guinea-Bissau,GNB,GDP per capita (current US$),NY.GDP.PCAP.CD,2020,817.7803357
Guinea-Bissau,GNB,GDP per capita (current US$),NY.GDP.PCAP.CD,2021,900.4077808
Guinea-Bissau,GNB,GDP per capita (current US$),NY.GDP.PCAP.CD,2022,853.281304
Guinea-Bissau,GNB,GDP per capita (current US$),NY.GDP.PCAP.CD,2023,951.2427483
Equatorial Guinea,GNQ,GDP per capita (current US$),NY.GDP.PCAP.CD,2020,5764.055029
Equatorial Guinea,GNQ,GDP per capita (current US$),NY.GDP.PCAP.CD,2021,6945.630698
Equatorial Guinea,GNQ,GDP per capita (current US$),NY.GDP.PCAP.CD,2022,7589.299649
Equatorial Guinea,GNQ,GDP per capita (current US$),NY.GDP.PCAP.CD,2023,6677.793435
Greece,GRC,GDP per capita (current US$),NY.GDP.PCAP.CD,2020,17886.73317
Greece,GRC,GDP per capita (current US$),NY.GDP.PCAP.CD,2021,20654.7002
Greece,GRC,GDP per capita (current US$),NY.GDP.PCAP.CD,2022,20971.83493
Greece,GRC,GDP per capita (current US$),NY.GDP.PCAP.CD,2023,23400.72788
Grenada,GRD,GDP per capita (current US$),NY.GDP.PCAP.CD,2020,8968.558901
Grenada,GRD,GDP per capita (current US$),NY.GDP.PCAP.CD,2021,9622.240505
Grenada,GRD,GDP per capita (current US$),NY.GDP.PCAP.CD,2022,10474.26529
Grenada,GRD,GDP per capita (current US$),NY.GDP.PCAP.CD,2023,11246.34512
Greenland,GRL,GDP per capita (current US$),NY.GDP.PCAP.CD,2020,54693.07668
Greenland,GRL,GDP per capita (current US$),NY.GDP.PCAP.CD,2021,57116.29577
Guatemala,GTM,GDP per capita (current US$),NY.GDP.PCAP.CD,2020,4477.617618
Guatemala,GTM,GDP per capita (current US$),NY.GDP.PCAP.CD,2021,4913.947129
Guatemala,GTM,GDP per capita (current US$),NY.GDP.PCAP.CD,2022,5358.089638
Guatemala,GTM,GDP per capita (current US$),NY.GDP.PCAP.CD,2023,5762.821746
Guam,GUM,GDP per capita (current US$),NY.GDP.PCAP.CD,2020,36482.9364
Guam,GUM,GDP per capita (current US$),NY.GDP.PCAP.CD,2021,38074.87937
Guam,GUM,GDP per capita (current US$),NY.GDP.PCAP.CD,2022,41833.15171
Guyana,GUY,GDP per capita (current US$),NY.GDP.PCAP.CD,2020,6775.709391
Guyana,GUY,GDP per capita (current US$),NY.GDP.PCAP.CD,2021,9860.872334
Guyana,GUY,GDP per capita (current US$),NY.GDP.PCAP.CD,2022,17913.49101
Guyana,GUY,GDP per capita (current US$),NY.GDP.PCAP.CD,2023,20765.35036
High income,HIC,GDP per capita (current US$),NY.GDP.PCAP.CD,2020,40262.86988
High income,HIC,GDP per capita (current US$),NY.GDP.PCAP.CD,2021,45229.27533
High income,HIC,GDP per capita (current US$),NY.GDP.PCAP.CD,2022,46632.84861
High income,HIC,GDP per capita (current US$),NY.GDP.PCAP.CD,2023,48752.71274
"Hong Kong SAR, China",HKG,GDP per capita (current US$),NY.GDP.PCAP.CD,2020,46109.22999
"Hong Kong SAR, China",HKG,GDP per capita (current US$),NY.GDP.PCAP.CD,2021,49770.56424
"Hong Kong SAR, China",HKG,GDP per capita (current US$),NY.GDP.PCAP.CD,2022,48826.05277
"Hong Kong SAR, China",HKG,GDP per capita (current US$),NY.GDP.PCAP.CD,2023,50531.73854
Honduras,HND,GDP per capita (current US$),NY.GDP.PCAP.CD,2020,2307.614943
Honduras,HND,GDP per capita (current US$),NY.GDP.PCAP.CD,2021,2735.147515
Honduras,HND,GDP per capita (current US$),NY.GDP.PCAP.CD,2022,3003.289968
Honduras,HND,GDP per capita (current US$),NY.GDP.PCAP.CD,2023,3231.657245
Heavily indebted poor countries (HIPC),HPC,GDP per capita (current US$),NY.GDP.PCAP.CD,2020,959.1817376
Heavily indebted poor countries (HIPC),HPC,GDP per capita (current US$),NY.GDP.PCAP.CD,2021,1040.034107
Heavily indebted poor countries (HIPC),HPC,GDP per capita (current US$),NY.GDP.PCAP.CD,2022,1100.340765
Heavily indebted poor countries (HIPC),HPC,GDP per capita (current US$),NY.GDP.PCAP.CD,2023,1231.81257
Croatia,HRV,GDP per capita (current US$),NY.GDP.PCAP.CD,2020,14808.46202
Croatia,HRV,GDP per capita (current US$),NY.GDP.PCAP.CD,2021,17789.93047
Croatia,HRV,GDP per capita (current US$),NY.GDP.PCAP.CD,2022,18466.09555
Croatia,HRV,GDP per capita (current US$),NY.GDP.PCAP.CD,2023,21865.45628
Haiti,HTI,GDP per capita (current US$),NY.GDP.PCAP.CD,2020,1290.325387
Haiti,HTI,GDP per capita (current US$),NY.GDP.PCAP.CD,2021,1835.443941
Haiti,HTI,GDP per capita (current US$),NY.GDP.PCAP.CD,2022,1760.626357
Haiti,HTI,GDP per capita (current US$),NY.GDP.PCAP.CD,2023,1705.779055
Hungary,HUN,GDP per capita (current US$),NY.GDP.PCAP.CD,2020,16131.95404
Hungary,HUN,GDP per capita (current US$),NY.GDP.PCAP.CD,2021,18755.10235
Hungary,HUN,GDP per capita (current US$),NY.GDP.PCAP.CD,2022,18353.29836
Hungary,HUN,GDP per capita (current US$),NY.GDP.PCAP.CD,2023,22141.86698
IBRD only,IBD,GDP per capita (current US$),NY.GDP.PCAP.CD,2020,6171.879657
IBRD only,IBD,GDP per capita (current US$),NY.GDP.PCAP.CD,2021,7289.992048
IBRD only,IBD,GDP per capita (current US$),NY.GDP.PCAP.CD,2022,7651.517025
IBRD only,IBD,GDP per capita (current US$),NY.GDP.PCAP.CD,2023,7832.149756
IDA & IBRD total,IBT,GDP per capita (current US$),NY.GDP.PCAP.CD,2020,4884.262425
IDA & IBRD total,IBT,GDP per capita (current US$),NY.GDP.PCAP.CD,2021,5707.610643
IDA & IBRD total,IBT,GDP per capita (current US$),NY.GDP.PCAP.CD,2022,5974.316584
IDA & IBRD total,IBT,GDP per capita (current US$),NY.GDP.PCAP.CD,2023,6075.122993
IDA total,IDA,GDP per capita (current US$),NY.GDP.PCAP.CD,2020,1370.262578
IDA total,IDA,GDP per capita (current US$),NY.GDP.PCAP.CD,2021,1460.266755
IDA total,IDA,GDP per capita (current US$),NY.GDP.PCAP.CD,2022,1545.893118
IDA total,IDA,GDP per capita (current US$),NY.GDP.PCAP.CD,2023,1510.984397
IDA blend,IDB,GDP per capita (current US$),NY.GDP.PCAP.CD,2020,1713.864579
IDA blend,IDB,GDP per capita (current US$),NY.GDP.PCAP.CD,2021,1827.963106
IDA blend,IDB,GDP per capita (current US$),NY.GDP.PCAP.CD,2022,1944.228147
IDA blend,IDB,GDP per capita (current US$),NY.GDP.PCAP.CD,2023,1687.281337
Indonesia,IDN,GDP per capita (current US$),NY.GDP.PCAP.CD,2020,3853.702888
Indonesia,IDN,GDP per capita (current US$),NY.GDP.PCAP.CD,2021,4287.17314
Indonesia,IDN,GDP per capita (current US$),NY.GDP.PCAP.CD,2022,4730.745489
Indonesia,IDN,GDP per capita (current US$),NY.GDP.PCAP.CD,2023,4876.314327
IDA only,IDX,GDP per capita (current US$),NY.GDP.PCAP.CD,2020,1197.826556
IDA only,IDX,GDP per capita (current US$),NY.GDP.PCAP.CD,2021,1276.232716
IDA only,IDX,GDP per capita (current US$),NY.GDP.PCAP.CD,2022,1347.049598
IDA only,IDX,GDP per capita (current US$),NY.GDP.PCAP.CD,2023,1424.845979
Isle of Man,IMN,GDP per capita (current US$),NY.GDP.PCAP.CD,2020,79513.53303
Isle of Man,IMN,GDP per capita (current US$),NY.GDP.PCAP.CD,2021,94299.96935
India,IND,GDP per capita (current US$),NY.GDP.PCAP.CD,2020,1907.042516
India,IND,GDP per capita (current US$),NY.GDP.PCAP.CD,2021,2239.613844
India,IND,GDP per capita (current US$),NY.GDP.PCAP.CD,2022,2352.613925
India,IND,GDP per capita (current US$),NY.GDP.PCAP.CD,2023,2480.792087
Ireland,IRL,GDP per capita (current US$),NY.GDP.PCAP.CD,2020,87567.1149
Ireland,IRL,GDP per capita (current US$),NY.GDP.PCAP.CD,2021,105561.1375
Ireland,IRL,GDP per capita (current US$),NY.GDP.PCAP.CD,2022,106194.7559
Ireland,IRL,GDP per capita (current US$),NY.GDP.PCAP.CD,2023,103887.8004
"Iran, Islamic Rep.",IRN,GDP per capita (current US$),NY.GDP.PCAP.CD,2020,2988.781224
"Iran, Islamic Rep.",IRN,GDP per capita (current US$),NY.GDP.PCAP.CD,2021,4334.792686
"Iran, Islamic Rep.",IRN,GDP per capita (current US$),NY.GDP.PCAP.CD,2022,4405.092915
"Iran, Islamic Rep.",IRN,GDP per capita (current US$),NY.GDP.PCAP.CD,2023,4465.63767
Iraq,IRQ,GDP per capita (current US$),NY.GDP.PCAP.CD,2020,4295.189451
Iraq,IRQ,GDP per capita (current US$),NY.GDP.PCAP.CD,2021,4868.494311
Iraq,IRQ,GDP per capita (current US$),NY.GDP.PCAP.CD,2022,6504.124284
Iraq,IRQ,GDP per capita (current US$),NY.GDP.PCAP.CD,2023,5565.126446
Iceland,ISL,GDP per capita (current US$),NY.GDP.PCAP.CD,2020,59023.56635
Iceland,ISL,GDP per capita (current US$),NY.GDP.PCAP.CD,2021,69325.90783
Iceland,ISL,GDP per capita (current US$),NY.GDP.PCAP.CD,2022,75314.08556
Iceland,ISL,GDP per capita (current US$),NY.GDP.PCAP.CD,2023,79636.95486
Israel,ISR,GDP per capita (current US$),NY.GDP.PCAP.CD,2020,44679.77158
Israel,ISR,GDP per capita (current US$),NY.GDP.PCAP.CD,2021,52255.61591
Israel,ISR,GDP per capita (current US$),NY.GDP.PCAP.CD,2022,54930.72616
Israel,ISR,GDP per capita (current US$),NY.GDP.PCAP.CD,2023,52642.42675
Italy,ITA,GDP per capita (current US$),NY.GDP.PCAP.CD,2020,32091.48666
Italy,ITA,GDP per capita (current US$),NY.GDP.PCAP.CD,2021,36852.54254
Italy,ITA,GDP per capita (current US$),NY.GDP.PCAP.CD,2022,35635.74422
Italy,ITA,GDP per capita (current US$),NY.GDP.PCAP.CD,2023,39003.3161
Jamaica,JAM,GDP per capita (current US$),NY.GDP.PCAP.CD,2020,4879.440246
Jamaica,JAM,GDP per capita (current US$),NY.GDP.PCAP.CD,2021,5165.33781
Jamaica,JAM,GDP per capita (current US$),NY.GDP.PCAP.CD,2022,6022.153411
Jamaica,JAM,GDP per capita (current US$),NY.GDP.PCAP.CD,2023,6839.725039
Jordan,JOR,GDP per capita (current US$),NY.GDP.PCAP.CD,2020,4022.040136
Jordan,JOR,GDP per capita (current US$),NY.GDP.PCAP.CD,2021,4183.499983
Jordan,JOR,GDP per capita (current US$),NY.GDP.PCAP.CD,2022,4332.251599
Jordan,JOR,GDP per capita (current US$),NY.GDP.PCAP.CD,2023,4455.505405
Japan,JPN,GDP per capita (current US$),NY.GDP.PCAP.CD,2020,40040.76551
Japan,JPN,GDP per capita (current US$),NY.GDP.PCAP.CD,2021,40058.53733
Japan,JPN,GDP per capita (current US$),NY.GDP.PCAP.CD,2022,34017.27181
Japan,JPN,GDP per capita (current US$),NY.GDP.PCAP.CD,2023,33766.52683
Kazakhstan,KAZ,GDP per capita (current US$),NY.GDP.PCAP.CD,2020,8781.507978
Kazakhstan,KAZ,GDP per capita (current US$),NY.GDP.PCAP.CD,2021,9983.601036
Kazakhstan,KAZ,GDP per capita (current US$),NY.GDP.PCAP.CD,2022,11255.33964
Kazakhstan,KAZ,GDP per capita (current US$),NY.GDP.PCAP.CD,2023,12918.86613
Kenya,KEN,GDP per capita (current US$),NY.GDP.PCAP.CD,2020,1927.66459
Kenya,KEN,GDP per capita (current US$),NY.GDP.PCAP.CD,2021,2061.356221
Kenya,KEN,GDP per capita (current US$),NY.GDP.PCAP.CD,2022,2109.562885
Kenya,KEN,GDP per capita (current US$),NY.GDP.PCAP.CD,2023,1952.304579
Kyrgyz Republic,KGZ,GDP per capita (current US$),NY.GDP.PCAP.CD,2020,1229.517757
Kyrgyz Republic,KGZ,GDP per capita (current US$),NY.GDP.PCAP.CD,2021,1349.997307
Kyrgyz Republic,KGZ,GDP per capita (current US$),NY.GDP.PCAP.CD,2022,1739.720308
Kyrgyz Republic,KGZ,GDP per capita (current US$),NY.GDP.PCAP.CD,2023,1970.15781
Cambodia,KHM,GDP per capita (current US$),NY.GDP.PCAP.CD,2020,2081.739142
Cambodia,KHM,GDP per capita (current US$),NY.GDP.PCAP.CD,2021,2167.403242
Cambodia,KHM,GDP per capita (current US$),NY.GDP.PCAP.CD,2022,2325.0305
Cambodia,KHM,GDP per capita (current US$),NY.GDP.PCAP.CD,2023,2429.748535
Kiribati,KIR,GDP per capita (current US$),NY.GDP.PCAP.CD,2020,1769.432118
Kiribati,KIR,GDP per capita (current US$),NY.GDP.PCAP.CD,2021,2253.825001
Kiribati,KIR,GDP per capita (current US$),NY.GDP.PCAP.CD,2022,2075.908441
Kiribati,KIR,GDP per capita (current US$),NY.GDP.PCAP.CD,2023,2106.760004
St. Kitts and Nevis,KNA,GDP per capita (current US$),NY.GDP.PCAP.CD,2020,18859.01904
St. Kitts and Nevis,KNA,GDP per capita (current US$),NY.GDP.PCAP.CD,2021,18361.14497
St. Kitts and Nevis,KNA,GDP per capita (current US$),NY.GDP.PCAP.CD,2022,21011.57442
St. Kitts and Nevis,KNA,GDP per capita (current US$),NY.GDP.PCAP.CD,2023,22573.67248
"Korea, Rep.",KOR,GDP per capita (current US$),NY.GDP.PCAP.CD,2020,31721.29891
"Korea, Rep.",KOR,GDP per capita (current US$),NY.GDP.PCAP.CD,2021,35125.5225
"Korea, Rep.",KOR,GDP per capita (current US$),NY.GDP.PCAP.CD,2022,32394.68337
"Korea, Rep.",KOR,GDP per capita (current US$),NY.GDP.PCAP.CD,2023,33121.37129
Kuwait,KWT,GDP per capita (current US$),NY.GDP.PCAP.CD,2020,25236.07555
Kuwait,KWT,GDP per capita (current US$),NY.GDP.PCAP.CD,2021,34043.54215
Kuwait,KWT,GDP per capita (current US$),NY.GDP.PCAP.CD,2022,40077.23805
Kuwait,KWT,GDP per capita (current US$),NY.GDP.PCAP.CD,2023,33729.79855
Latin America & Caribbean (excluding high income),LAC,GDP per capita (current US$),NY.GDP.PCAP.CD,2020,6940.278963
Latin America & Caribbean (excluding high income),LAC,GDP per capita (current US$),NY.GDP.PCAP.CD,2021,7996.407761
Latin America & Caribbean (excluding high income),LAC,GDP per capita (current US$),NY.GDP.PCAP.CD,2022,9129.466627
Latin America & Caribbean (excluding high income),LAC,GDP per capita (current US$),NY.GDP.PCAP.CD,2023,10180.70552
Lao PDR,LAO,GDP per capita (current US$),NY.GDP.PCAP.CD,2020,2583.777307
Lao PDR,LAO,GDP per capita (current US$),NY.GDP.PCAP.CD,2021,2526.05105
Lao PDR,LAO,GDP per capita (current US$),NY.GDP.PCAP.CD,2022,2046.404403
Lao PDR,LAO,GDP per capita (current US$),NY.GDP.PCAP.CD,2023,2066.949798
Lebanon,LBN,GDP per capita (current US$),NY.GDP.PCAP.CD,2020,5561.19167
Lebanon,LBN,GDP per capita (current US$),NY.GDP.PCAP.CD,2021,4045.373911
Lebanon,LBN,GDP per capita (current US$),NY.GDP.PCAP.CD,2022,3654.358455
Liberia,LBR,GDP per capita (current US$),NY.GDP.PCAP.CD,2020,616.787867
Liberia,LBR,GDP per capita (current US$),NY.GDP.PCAP.CD,2021,667.9661051
Liberia,LBR,GDP per capita (current US$),NY.GDP.PCAP.CD,2022,744.6171752
Liberia,LBR,GDP per capita (current US$),NY.GDP.PCAP.CD,2023,771.8871421
Libya,LBY,GDP per capita (current US$),NY.GDP.PCAP.CD,2020,6650.338106
Libya,LBY,GDP per capita (current US$),NY.GDP.PCAP.CD,2021,4935.827873
Libya,LBY,GDP per capita (current US$),NY.GDP.PCAP.CD,2022,5986.636949
Libya,LBY,GDP per capita (current US$),NY.GDP.PCAP.CD,2023,6172.812469
St. Lucia,LCA,GDP per capita (current US$),NY.GDP.PCAP.CD,2020,8411.199418
St. Lucia,LCA,GDP per capita (current US$),NY.GDP.PCAP.CD,2021,10459.13212
St. Lucia,LCA,GDP per capita (current US$),NY.GDP.PCAP.CD,2022,13103.76217
St. Lucia,LCA,GDP per capita (current US$),NY.GDP.PCAP.CD,2023,13554.66519
Latin America & Caribbean,LCN,GDP per capita (current US$),NY.GDP.PCAP.CD,2020,7444.660734
Latin America & Caribbean,LCN,GDP per capita (current US$),NY.GDP.PCAP.CD,2021,8596.355885
Latin America & Caribbean,LCN,GDP per capita (current US$),NY.GDP.PCAP.CD,2022,9714.936287
Latin America & Caribbean,LCN,GDP per capita (current US$),NY.GDP.PCAP.CD,2023,10796.86237
Least developed countries: UN classification,LDC,GDP per capita (current US$),NY.GDP.PCAP.CD,2020,1081.797482
Least developed countries: UN classification,LDC,GDP per capita (current US$),NY.GDP.PCAP.CD,2021,1153.750929
Least developed countries: UN classification,LDC,GDP per capita (current US$),NY.GDP.PCAP.CD,2022,1265.525405
Least developed countries: UN classification,LDC,GDP per capita (current US$),NY.GDP.PCAP.CD,2023,1306.234785
Low income,LIC,GDP per capita (current US$),NY.GDP.PCAP.CD,2020,651.4533784
Low income,LIC,GDP per capita (current US$),NY.GDP.PCAP.CD,2021,680.0527236
Low income,LIC,GDP per capita (current US$),NY.GDP.PCAP.CD,2022,763.3227248
Low income,LIC,GDP per capita (current US$),NY.GDP.PCAP.CD,2023,900.9632581
Liechtenstein,LIE,GDP per capita (current US$),NY.GDP.PCAP.CD,2020,164671.0936
Liechtenstein,LIE,GDP per capita (current US$),NY.GDP.PCAP.CD,2021,196783.7294
Liechtenstein,LIE,GDP per capita (current US$),NY.GDP.PCAP.CD,2022,186400.2338
Sri Lanka,LKA,GDP per capita (current US$),NY.GDP.PCAP.CD,2020,3846.174496
Sri Lanka,LKA,GDP per capita (current US$),NY.GDP.PCAP.CD,2021,3999.337647
Sri Lanka,LKA,GDP per capita (current US$),NY.GDP.PCAP.CD,2022,3342.719896
Sri Lanka,LKA,GDP per capita (current US$),NY.GDP.PCAP.CD,2023,3827.964956
Lower middle income,LMC,GDP per capita (current US$),NY.GDP.PCAP.CD,2020,2057.146291
Lower middle income,LMC,GDP per capita (current US$),NY.GDP.PCAP.CD,2021,2300.761243
Lower middle income,LMC,GDP per capita (current US$),NY.GDP.PCAP.CD,2022,2423.841467
Lower middle income,LMC,GDP per capita (current US$),NY.GDP.PCAP.CD,2023,2415.598545
Low & middle income,LMY,GDP per capita (current US$),NY.GDP.PCAP.CD,2020,4585.375759
Low & middle income,LMY,GDP per capita (current US$),NY.GDP.PCAP.CD,2021,5345.679193
Low & middle income,LMY,GDP per capita (current US$),NY.GDP.PCAP.CD,2022,5551.335146
Low & middle income,LMY,GDP per capita (current US$),NY.GDP.PCAP.CD,2023,5658.547496
Lesotho,LSO,GDP per capita (current US$),NY.GDP.PCAP.CD,2020,918.5825774
Lesotho,LSO,GDP per capita (current US$),NY.GDP.PCAP.CD,2021,1066.586451
Lesotho,LSO,GDP per capita (current US$),NY.GDP.PCAP.CD,2022,1029.995533
Lesotho,LSO,GDP per capita (current US$),NY.GDP.PCAP.CD,2023,916.2829793
Late-demographic dividend,LTE,GDP per capita (current US$),NY.GDP.PCAP.CD,2020,9734.689593
Late-demographic dividend,LTE,GDP per capita (current US$),NY.GDP.PCAP.CD,2021,11597.48556
Late-demographic dividend,LTE,GDP per capita (current US$),NY.GDP.PCAP.CD,2022,12082.0001
Late-demographic dividend,LTE,GDP per capita (current US$),NY.GDP.PCAP.CD,2023,12184.20708
Lithuania,LTU,GDP per capita (current US$),NY.GDP.PCAP.CD,2020,20541.82499
Lithuania,LTU,GDP per capita (current US$),NY.GDP.PCAP.CD,2021,23934.72849
Lithuania,LTU,GDP per capita (current US$),NY.GDP.PCAP.CD,2022,25085.78406
Lithuania,LTU,GDP per capita (current US$),NY.GDP.PCAP.CD,2023,27786.00578
Luxembourg,LUX,GDP per capita (current US$),NY.GDP.PCAP.CD,2020,116905.3704
Luxembourg,LUX,GDP per capita (current US$),NY.GDP.PCAP.CD,2021,133711.7944
Luxembourg,LUX,GDP per capita (current US$),NY.GDP.PCAP.CD,2022,125006.0218
Luxembourg,LUX,GDP per capita (current US$),NY.GDP.PCAP.CD,2023,128678.1899
Latvia,LVA,GDP per capita (current US$),NY.GDP.PCAP.CD,2020,17564.23215
Latvia,LVA,GDP per capita (current US$),NY.GDP.PCAP.CD,2021,20262.84339
Latvia,LVA,GDP per capita (current US$),NY.GDP.PCAP.CD,2022,20229.46136
Latvia,LVA,GDP per capita (current US$),NY.GDP.PCAP.CD,2023,22502.84299
"Macao SAR, China",MAC,GDP per capita (current US$),NY.GDP.PCAP.CD,2020,36976.25611
"Macao SAR, China",MAC,GDP per capita (current US$),NY.GDP.PCAP.CD,2021,45376.31459
"Macao SAR, China",MAC,GDP per capita (current US$),NY.GDP.PCAP.CD,2022,36909.95641
"Macao SAR, China",MAC,GDP per capita (current US$),NY.GDP.PCAP.CD,2023,67476.52908
St. Martin (French part),MAF,GDP per capita (current US$),NY.GDP.PCAP.CD,2021,21668.37765
Morocco,MAR,GDP per capita (current US$),NY.GDP.PCAP.CD,2020,3268.030273
Morocco,MAR,GDP per capita (current US$),NY.GDP.PCAP.CD,2021,3785.936279
Morocco,MAR,GDP per capita (current US$),NY.GDP.PCAP.CD,2022,3455.39624
Morocco,MAR,GDP per capita (current US$),NY.GDP.PCAP.CD,2023,3771.446289
Monaco,MCO,GDP per capita (current US$),NY.GDP.PCAP.CD,2020,176891.8865
Monaco,MCO,GDP per capita (current US$),NY.GDP.PCAP.CD,2021,223823.364
Monaco,MCO,GDP per capita (current US$),NY.GDP.PCAP.CD,2022,226052.0019
Monaco,MCO,GDP per capita (current US$),NY.GDP.PCAP.CD,2023,256580.5151
Moldova,MDA,GDP per capita (current US$),NY.GDP.PCAP.CD,2020,4375.778893
Moldova,MDA,GDP per capita (current US$),NY.GDP.PCAP.CD,2021,5274.605822
Moldova,MDA,GDP per capita (current US$),NY.GDP.PCAP.CD,2022,5738.424735
Moldova,MDA,GDP per capita (current US$),NY.GDP.PCAP.CD,2023,6729.412868
Madagascar,MDG,GDP per capita (current US$),NY.GDP.PCAP.CD,2020,450.7716152
Madagascar,MDG,GDP per capita (current US$),NY.GDP.PCAP.CD,2021,490.2062386
Madagascar,MDG,GDP per capita (current US$),NY.GDP.PCAP.CD,2022,497.2425148
Madagascar,MDG,GDP per capita (current US$),NY.GDP.PCAP.CD,2023,506.1593687
Maldives,MDV,GDP per capita (current US$),NY.GDP.PCAP.CD,2020,7393.888654
Maldives,MDV,GDP per capita (current US$),NY.GDP.PCAP.CD,2021,10176.14388
Maldives,MDV,GDP per capita (current US$),NY.GDP.PCAP.CD,2022,11786.00915
Maldives,MDV,GDP per capita (current US$),NY.GDP.PCAP.CD,2023,12530.36024
Middle East & North Africa,MEA,GDP per capita (current US$),NY.GDP.PCAP.CD,2020,6650.853688
Middle East & North Africa,MEA,GDP per capita (current US$),NY.GDP.PCAP.CD,2021,7801.403934
Middle East & North Africa,MEA,GDP per capita (current US$),NY.GDP.PCAP.CD,2022,8986.098959
Middle East & North Africa,MEA,GDP per capita (current US$),NY.GDP.PCAP.CD,2023,8499.843064
Mexico,MEX,GDP per capita (current US$),NY.GDP.PCAP.CD,2020,8841.27075
Mexico,MEX,GDP per capita (current US$),NY.GDP.PCAP.CD,2021,10314.05067
Mexico,MEX,GDP per capita (current US$),NY.GDP.PCAP.CD,2022,11385.40708
Mexico,MEX,GDP per capita (current US$),NY.GDP.PCAP.CD,2023,13790.02434
Marshall Islands,MHL,GDP per capita (current US$),NY.GDP.PCAP.CD,2020,5661.967873
Marshall Islands,MHL,GDP per capita (current US$),NY.GDP.PCAP.CD,2021,6258.611937
Marshall Islands,MHL,GDP per capita (current US$),NY.GDP.PCAP.CD,2022,6322.828555
Marshall Islands,MHL,GDP per capita (current US$),NY.GDP.PCAP.CD,2023,6678.342391
Middle income,MIC,GDP per capita (current US$),NY.GDP.PCAP.CD,2020,5049.558237
Middle income,MIC,GDP per capita (current US$),NY.GDP.PCAP.CD,2021,5906.22675
Middle income,MIC,GDP per capita (current US$),NY.GDP.PCAP.CD,2022,6137.817076
Middle income,MIC,GDP per capita (current US$),NY.GDP.PCAP.CD,2023,6254.08765
North Macedonia,MKD,GDP per capita (current US$),NY.GDP.PCAP.CD,2020,6659.596511
North Macedonia,MKD,GDP per capita (current US$),NY.GDP.PCAP.CD,2021,7620.80297
North Macedonia,MKD,GDP per capita (current US$),NY.GDP.PCAP.CD,2022,7606.237525
North Macedonia,MKD,GDP per capita (current US$),NY.GDP.PCAP.CD,2023,8624.293609
Mali,MLI,GDP per capita (current US$),NY.GDP.PCAP.CD,2020,804.3439567
Mali,MLI,GDP per capita (current US$),NY.GDP.PCAP.CD,2021,862.4674001
Mali,MLI,GDP per capita (current US$),NY.GDP.PCAP.CD,2022,813.9650341
Mali,MLI,GDP per capita (current US$),NY.GDP.PCAP.CD,2023,869.2702343
Malta,MLT,GDP per capita (current US$),NY.GDP.PCAP.CD,2020,31796.82134
Malta,MLT,GDP per capita (current US$),NY.GDP.PCAP.CD,2021,38027.38017
Malta,MLT,GDP per capita (current US$),NY.GDP.PCAP.CD,2022,36142.20585
Malta,MLT,GDP per capita (current US$),NY.GDP.PCAP.CD,2023,40395.76921
Myanmar,MMR,GDP per capita (current US$),NY.GDP.PCAP.CD,2020,1490.216835
Myanmar,MMR,GDP per capita (current US$),NY.GDP.PCAP.CD,2021,1242.721344
Myanmar,MMR,GDP per capita (current US$),NY.GDP.PCAP.CD,2022,1158.05005
Myanmar,MMR,GDP per capita (current US$),NY.GDP.PCAP.CD,2023,1233.196662
Middle East & North Africa (excluding high income),MNA,GDP per capita (current US$),NY.GDP.PCAP.CD,2020,3175.617067
Middle East & North Africa (excluding high income),MNA,GDP per capita (current US$),NY.GDP.PCAP.CD,2021,3653.70377
Middle East & North Africa (excluding high income),MNA,GDP per capita (current US$),NY.GDP.PCAP.CD,2022,4030.08693
Middle East & North Africa (excluding high income),MNA,GDP per capita (current US$),NY.GDP.PCAP.CD,2023,3797.10418
Montenegro,MNE,GDP per capita (current US$),NY.GDP.PCAP.CD,2020,7677.371321
Montenegro,MNE,GDP per capita (current US$),NY.GDP.PCAP.CD,2021,9465.96153
Montenegro,MNE,GDP per capita (current US$),NY.GDP.PCAP.CD,2022,10093.4387
Montenegro,MNE,GDP per capita (current US$),NY.GDP.PCAP.CD,2023,12221.47755
Mongolia,MNG,GDP per capita (current US$),NY.GDP.PCAP.CD,2020,4001.251931
Mongolia,MNG,GDP per capita (current US$),NY.GDP.PCAP.CD,2021,4517.61578
Mongolia,MNG,GDP per capita (current US$),NY.GDP.PCAP.CD,2022,4993.514875
Mongolia,MNG,GDP per capita (current US$),NY.GDP.PCAP.CD,2023,5838.631081
Northern Mariana Islands,MNP,GDP per capita (current US$),NY.GDP.PCAP.CD,2020,18220.83824
Northern Mariana Islands,MNP,GDP per capita (current US$),NY.GDP.PCAP.CD,2021,19455.50139
Northern Mariana Islands,MNP,GDP per capita (current US$),NY.GDP.PCAP.CD,2022,23785.75459
Mozambique,MOZ,GDP per capita (current US$),NY.GDP.PCAP.CD,2020,462.4338765
Mozambique,MOZ,GDP per capita (current US$),NY.GDP.PCAP.CD,2021,509.9078295
Mozambique,MOZ,GDP per capita (current US$),NY.GDP.PCAP.CD,2022,578.2516638
Mozambique,MOZ,GDP per capita (current US$),NY.GDP.PCAP.CD,2023,622.9856193
Mauritania,MRT,GDP per capita (current US$),NY.GDP.PCAP.CD,2020,1795.764596
Mauritania,MRT,GDP per capita (current US$),NY.GDP.PCAP.CD,2021,1947.789184
Mauritania,MRT,GDP per capita (current US$),NY.GDP.PCAP.CD,2022,1960.352401
Mauritania,MRT,GDP per capita (current US$),NY.GDP.PCAP.CD,2023,2120.823204
Mauritius,MUS,GDP per capita (current US$),NY.GDP.PCAP.CD,2020,9011.042884
Mauritius,MUS,GDP per capita (current US$),NY.GDP.PCAP.CD,2021,9068.973002
Mauritius,MUS,GDP per capita (current US$),NY.GDP.PCAP.CD,2022,10239.79705
Mauritius,MUS,GDP per capita (current US$),NY.GDP.PCAP.CD,2023,11613.04416
Malawi,MWI,GDP per capita (current US$),NY.GDP.PCAP.CD,2020,602.5074782
Malawi,MWI,GDP per capita (current US$),NY.GDP.PCAP.CD,2021,617.4475208
Malawi,MWI,GDP per capita (current US$),NY.GDP.PCAP.CD,2022,604.2697512
Malawi,MWI,GDP per capita (current US$),NY.GDP.PCAP.CD,2023,602.3436198
Malaysia,MYS,GDP per capita (current US$),NY.GDP.PCAP.CD,2020,9957.526267
Malaysia,MYS,GDP per capita (current US$),NY.GDP.PCAP.CD,2021,10903.11164
Malaysia,MYS,GDP per capita (current US$),NY.GDP.PCAP.CD,2022,11748.09193
Malaysia,MYS,GDP per capita (current US$),NY.GDP.PCAP.CD,2023,11379.0861
North America,NAC,GDP per capita (current US$),NY.GDP.PCAP.CD,2020,62271.19692
North America,NAC,GDP per capita (current US$),NY.GDP.PCAP.CD,2021,69382.17285
North America,NAC,GDP per capita (current US$),NY.GDP.PCAP.CD,2022,75686.48983
North America,NAC,GDP per capita (current US$),NY.GDP.PCAP.CD,2023,79640.42962
Namibia,NAM,GDP per capita (current US$),NY.GDP.PCAP.CD,2020,3878.58983
Namibia,NAM,GDP per capita (current US$),NY.GDP.PCAP.CD,2021,4412.835569
Namibia,NAM,GDP per capita (current US$),NY.GDP.PCAP.CD,2022,4349.045322
Namibia,NAM,GDP per capita (current US$),NY.GDP.PCAP.CD,2023,4168.285211
New Caledonia,NCL,GDP per capita (current US$),NY.GDP.PCAP.CD,2020,33270.3306
New Caledonia,NCL,GDP per capita (current US$),NY.GDP.PCAP.CD,2021,35311.55436
New Caledonia,NCL,GDP per capita (current US$),NY.GDP.PCAP.CD,2022,33516.36309
Niger,NER,GDP per capita (current US$),NY.GDP.PCAP.CD,2020,579.5124958
Niger,NER,GDP per capita (current US$),NY.GDP.PCAP.CD,2021,608.7224396
Niger,NER,GDP per capita (current US$),NY.GDP.PCAP.CD,2022,609.7451476
Niger,NER,GDP per capita (current US$),NY.GDP.PCAP.CD,2023,642.9379179
Nigeria,NGA,GDP per capita (current US$),NY.GDP.PCAP.CD,2020,2019.657063
Nigeria,NGA,GDP per capita (current US$),NY.GDP.PCAP.CD,2021,2017.274865
Nigeria,NGA,GDP per capita (current US$),NY.GDP.PCAP.CD,2022,2139.374785
Nigeria,NGA,GDP per capita (current US$),NY.GDP.PCAP.CD,2023,1596.636961
Nicaragua,NIC,GDP per capita (current US$),NY.GDP.PCAP.CD,2020,1931.615158
Nicaragua,NIC,GDP per capita (current US$),NY.GDP.PCAP.CD,2021,2128.609806
Nicaragua,NIC,GDP per capita (current US$),NY.GDP.PCAP.CD,2022,2325.167379
Nicaragua,NIC,GDP per capita (current US$),NY.GDP.PCAP.CD,2023,2612.870662
Netherlands,NLD,GDP per capita (current US$),NY.GDP.PCAP.CD,2020,53467.92774
Netherlands,NLD,GDP per capita (current US$),NY.GDP.PCAP.CD,2021,60141.98809
Netherlands,NLD,GDP per capita (current US$),NY.GDP.PCAP.CD,2022,59123.31856
Netherlands,NLD,GDP per capita (current US$),NY.GDP.PCAP.CD,2023,64572.00596
Norway,NOR,GDP per capita (current US$),NY.GDP.PCAP.CD,2020,68340.0181
Norway,NOR,GDP per capita (current US$),NY.GDP.PCAP.CD,2021,93072.89251
Norway,NOR,GDP per capita (current US$),NY.GDP.PCAP.CD,2022,108798.4512
Norway,NOR,GDP per capita (current US$),NY.GDP.PCAP.CD,2023,87925.09442
Nepal,NPL,GDP per capita (current US$),NY.GDP.PCAP.CD,2020,1154.215176
Nepal,NPL,GDP per capita (current US$),NY.GDP.PCAP.CD,2021,1252.750767
Nepal,NPL,GDP per capita (current US$),NY.GDP.PCAP.CD,2022,1385.910663
Nepal,NPL,GDP per capita (current US$),NY.GDP.PCAP.CD,2023,1377.626036
Nauru,NRU,GDP per capita (current US$),NY.GDP.PCAP.CD,2020,10695.69933
Nauru,NRU,GDP per capita (current US$),NY.GDP.PCAP.CD,2021,14989.66475
Nauru,NRU,GDP per capita (current US$),NY.GDP.PCAP.CD,2022,13287.27119
Nauru,NRU,GDP per capita (current US$),NY.GDP.PCAP.CD,2023,12982.76121
New Zealand,NZL,GDP per capita (current US$),NY.GDP.PCAP.CD,2020,41785.69229
New Zealand,NZL,GDP per capita (current US$),NY.GDP.PCAP.CD,2021,49624.18167
New Zealand,NZL,GDP per capita (current US$),NY.GDP.PCAP.CD,2022,48216.50958
New Zealand,NZL,GDP per capita (current US$),NY.GDP.PCAP.CD,2023,48280.81142
OECD members,OED,GDP per capita (current US$),NY.GDP.PCAP.CD,2020,38686.3274
OECD members,OED,GDP per capita (current US$),NY.GDP.PCAP.CD,2021,43133.78607
OECD members,OED,GDP per capita (current US$),NY.GDP.PCAP.CD,2022,44026.85925
OECD members,OED,GDP per capita (current US$),NY.GDP.PCAP.CD,2023,46724.01571
Oman,OMN,GDP per capita (current US$),NY.GDP.PCAP.CD,2020,16784.86306
Oman,OMN,GDP per capita (current US$),NY.GDP.PCAP.CD,2021,19403.46002
Oman,OMN,GDP per capita (current US$),NY.GDP.PCAP.CD,2022,23665.63947
Oman,OMN,GDP per capita (current US$),NY.GDP.PCAP.CD,2023,21549.83687
Other small states,OSS,GDP per capita (current US$),NY.GDP.PCAP.CD,2020,13071.22362
Other small states,OSS,GDP per capita (current US$),NY.GDP.PCAP.CD,2021,15120.10408
Other small states,OSS,GDP per capita (current US$),NY.GDP.PCAP.CD,2022,16066.27297
Other small states,OSS,GDP per capita (current US$),NY.GDP.PCAP.CD,2023,16728.26757
Pakistan,PAK,GDP per capita (current US$),NY.GDP.PCAP.CD,2020,1278.397352
Pakistan,PAK,GDP per capita (current US$),NY.GDP.PCAP.CD,2021,1455.319224
Pakistan,PAK,GDP per capita (current US$),NY.GDP.PCAP.CD,2022,1538.322813
Pakistan,PAK,GDP per capita (current US$),NY.GDP.PCAP.CD,2023,1365.277432
Panama,PAN,GDP per capita (current US$),NY.GDP.PCAP.CD,2020,13290.56083
Panama,PAN,GDP per capita (current US$),NY.GDP.PCAP.CD,2021,15509.80691
Panama,PAN,GDP per capita (current US$),NY.GDP.PCAP.CD,2022,17332.43607
Panama,PAN,GDP per capita (current US$),NY.GDP.PCAP.CD,2023,18686.4051
Peru,PER,GDP per capita (current US$),NY.GDP.PCAP.CD,2020,6133.325524
Peru,PER,GDP per capita (current US$),NY.GDP.PCAP.CD,2021,6826.972007
Peru,PER,GDP per capita (current US$),NY.GDP.PCAP.CD,2022,7363.272069
Peru,PER,GDP per capita (current US$),NY.GDP.PCAP.CD,2023,7906.585029
Philippines,PHL,GDP per capita (current US$),NY.GDP.PCAP.CD,2020,3227.579102
Philippines,PHL,GDP per capita (current US$),NY.GDP.PCAP.CD,2021,3484.385939
Philippines,PHL,GDP per capita (current US$),NY.GDP.PCAP.CD,2022,3548.069306
Philippines,PHL,GDP per capita (current US$),NY.GDP.PCAP.CD,2023,3804.87258
Palau,PLW,GDP per capita (current US$),NY.GDP.PCAP.CD,2020,14556.58969
Palau,PLW,GDP per capita (current US$),NY.GDP.PCAP.CD,2021,13257.20667
Palau,PLW,GDP per capita (current US$),NY.GDP.PCAP.CD,2022,14392.19903
Palau,PLW,GDP per capita (current US$),NY.GDP.PCAP.CD,2023,15899.42249
Papua New Guinea,PNG,GDP per capita (current US$),NY.GDP.PCAP.CD,2020,2429.611346
Papua New Guinea,PNG,GDP per capita (current US$),NY.GDP.PCAP.CD,2021,2607.578619
Papua New Guinea,PNG,GDP per capita (current US$),NY.GDP.PCAP.CD,2022,3101.710632
Papua New Guinea,PNG,GDP per capita (current US$),NY.GDP.PCAP.CD,2023,2957.682625
Poland,POL,GDP per capita (current US$),NY.GDP.PCAP.CD,2020,15987.57537
Poland,POL,GDP per capita (current US$),NY.GDP.PCAP.CD,2021,18635.51049
Poland,POL,GDP per capita (current US$),NY.GDP.PCAP.CD,2022,18891.21212
Poland,POL,GDP per capita (current US$),NY.GDP.PCAP.CD,2023,22056.66617
Pre-demographic dividend,PRE,GDP per capita (current US$),NY.GDP.PCAP.CD,2020,1313.17036
Pre-demographic dividend,PRE,GDP per capita (current US$),NY.GDP.PCAP.CD,2021,1404.303658
Pre-demographic dividend,PRE,GDP per capita (current US$),NY.GDP.PCAP.CD,2022,1567.280393
Pre-demographic dividend,PRE,GDP per capita (current US$),NY.GDP.PCAP.CD,2023,1453.262268
Puerto Rico,PRI,GDP per capita (current US$),NY.GDP.PCAP.CD,2020,31427.42911
Puerto Rico,PRI,GDP per capita (current US$),NY.GDP.PCAP.CD,2021,32619.25042
Puerto Rico,PRI,GDP per capita (current US$),NY.GDP.PCAP.CD,2022,35268.0791
Puerto Rico,PRI,GDP per capita (current US$),NY.GDP.PCAP.CD,2023,36779.05949
Portugal,PRT,GDP per capita (current US$),NY.GDP.PCAP.CD,2020,22299.40441
Portugal,PRT,GDP per capita (current US$),NY.GDP.PCAP.CD,2021,24711.45101
Portugal,PRT,GDP per capita (current US$),NY.GDP.PCAP.CD,2022,24620.51956
Portugal,PRT,GDP per capita (current US$),NY.GDP.PCAP.CD,2023,27331.20949
Paraguay,PRY,GDP per capita (current US$),NY.GDP.PCAP.CD,2020,5365.472207
Paraguay,PRY,GDP per capita (current US$),NY.GDP.PCAP.CD,2021,5976.931798
Paraguay,PRY,GDP per capita (current US$),NY.GDP.PCAP.CD,2022,6205.625954
Paraguay,PRY,GDP per capita (current US$),NY.GDP.PCAP.CD,2023,6276.351139
West Bank and Gaza,PSE,GDP per capita (current US$),NY.GDP.PCAP.CD,2020,3233.568638
West Bank and Gaza,PSE,GDP per capita (current US$),NY.GDP.PCAP.CD,2021,3678.635657
West Bank and Gaza,PSE,GDP per capita (current US$),NY.GDP.PCAP.CD,2022,3799.95527
West Bank and Gaza,PSE,GDP per capita (current US$),NY.GDP.PCAP.CD,2023,3372.349744
Pacific island small states,PSS,GDP per capita (current US$),NY.GDP.PCAP.CD,2020,3666.598981
Pacific island small states,PSS,GDP per capita (current US$),NY.GDP.PCAP.CD,2021,3638.301407
Pacific island small states,PSS,GDP per capita (current US$),NY.GDP.PCAP.CD,2022,3892.778333
Pacific island small states,PSS,GDP per capita (current US$),NY.GDP.PCAP.CD,2023,4146.436206
Post-demographic dividend,PST,GDP per capita (current US$),NY.GDP.PCAP.CD,2020,44858.11046
Post-demographic dividend,PST,GDP per capita (current US$),NY.GDP.PCAP.CD,2021,49980.40433
Post-demographic dividend,PST,GDP per capita (current US$),NY.GDP.PCAP.CD,2022,51063.61975
Post-demographic dividend,PST,GDP per capita (current US$),NY.GDP.PCAP.CD,2023,54041.53969
French Polynesia,PYF,GDP per capita (current US$),NY.GDP.PCAP.CD,2020,20746.27204
French Polynesia,PYF,GDP per capita (current US$),NY.GDP.PCAP.CD,2021,21982.90389
French Polynesia,PYF,GDP per capita (current US$),NY.GDP.PCAP.CD,2022,20738.65
Qatar,QAT,GDP per capita (current US$),NY.GDP.PCAP.CD,2020,51683.50544
Qatar,QAT,GDP per capita (current US$),NY.GDP.PCAP.CD,2021,71751.88312
Qatar,QAT,GDP per capita (current US$),NY.GDP.PCAP.CD,2022,88701.46335
Qatar,QAT,GDP per capita (current US$),NY.GDP.PCAP.CD,2023,80195.87465
Romania,ROU,GDP per capita (current US$),NY.GDP.PCAP.CD,2020,13082.30066
Romania,ROU,GDP per capita (current US$),NY.GDP.PCAP.CD,2021,14986.78549
Romania,ROU,GDP per capita (current US$),NY.GDP.PCAP.CD,2022,15557.88262
Romania,ROU,GDP per capita (current US$),NY.GDP.PCAP.CD,2023,18404.27309
Russian Federation,RUS,GDP per capita (current US$),NY.GDP.PCAP.CD,2020,10108.32715
Russian Federation,RUS,GDP per capita (current US$),NY.GDP.PCAP.CD,2021,12521.52246
Russian Federation,RUS,GDP per capita (current US$),NY.GDP.PCAP.CD,2022,15445.24219
Russian Federation,RUS,GDP per capita (current US$),NY.GDP.PCAP.CD,2023,13817.0459
Rwanda,RWA,GDP per capita (current US$),NY.GDP.PCAP.CD,2020,778.7015386
Rwanda,RWA,GDP per capita (current US$),NY.GDP.PCAP.CD,2021,828.8330328
Rwanda,RWA,GDP per capita (current US$),NY.GDP.PCAP.CD,2022,975.4693159
Rwanda,RWA,GDP per capita (current US$),NY.GDP.PCAP.CD,2023,1010.268929
South Asia,SAS,GDP per capita (current US$),NY.GDP.PCAP.CD,2020,1843.195274
South Asia,SAS,GDP per capita (current US$),NY.GDP.PCAP.CD,2021,2131.302296
South Asia,SAS,GDP per capita (current US$),NY.GDP.PCAP.CD,2022,2239.516302
South Asia,SAS,GDP per capita (current US$),NY.GDP.PCAP.CD,2023,2303.30291
Saudi Arabia,SAU,GDP per capita (current US$),NY.GDP.PCAP.CD,2020,23271.40376
Saudi Arabia,SAU,GDP per capita (current US$),NY.GDP.PCAP.CD,2021,28396.08642
Saudi Arabia,SAU,GDP per capita (current US$),NY.GDP.PCAP.CD,2022,34454.19577
Saudi Arabia,SAU,GDP per capita (current US$),NY.GDP.PCAP.CD,2023,32093.9623
Sudan,SDN,GDP per capita (current US$),NY.GDP.PCAP.CD,2020,577.7952271
Sudan,SDN,GDP per capita (current US$),NY.GDP.PCAP.CD,2021,712.1220093
Sudan,SDN,GDP per capita (current US$),NY.GDP.PCAP.CD,2022,1046.240845
Sudan,SDN,GDP per capita (current US$),NY.GDP.PCAP.CD,2023,2183.441406
Senegal,SEN,GDP per capita (current US$),NY.GDP.PCAP.CD,2020,1461.087204
Senegal,SEN,GDP per capita (current US$),NY.GDP.PCAP.CD,2021,1598.10677
Senegal,SEN,GDP per capita (current US$),NY.GDP.PCAP.CD,2022,1564.745221
Senegal,SEN,GDP per capita (current US$),NY.GDP.PCAP.CD,2023,1706.44218
Singapore,SGP,GDP per capita (current US$),NY.GDP.PCAP.CD,2020,61466.80368
Singapore,SGP,GDP per capita (current US$),NY.GDP.PCAP.CD,2021,79601.41296
Singapore,SGP,GDP per capita (current US$),NY.GDP.PCAP.CD,2022,88428.70242
Singapore,SGP,GDP per capita (current US$),NY.GDP.PCAP.CD,2023,84734.25592
Solomon Islands,SLB,GDP per capita (current US$),NY.GDP.PCAP.CD,2020,2063.331015
Solomon Islands,SLB,GDP per capita (current US$),NY.GDP.PCAP.CD,2021,1996.869768
Solomon Islands,SLB,GDP per capita (current US$),NY.GDP.PCAP.CD,2022,2005.413993
Solomon Islands,SLB,GDP per capita (current US$),NY.GDP.PCAP.CD,2023,2041.636491
Sierra Leone,SLE,GDP per capita (current US$),NY.GDP.PCAP.CD,2020,845.3138363
Sierra Leone,SLE,GDP per capita (current US$),NY.GDP.PCAP.CD,2021,885.1842707
Sierra Leone,SLE,GDP per capita (current US$),NY.GDP.PCAP.CD,2022,860.130884
Sierra Leone,SLE,GDP per capita (current US$),NY.GDP.PCAP.CD,2023,757.858336
El Salvador,SLV,GDP per capita (current US$),NY.GDP.PCAP.CD,2020,3997.192796
El Salvador,SLV,GDP per capita (current US$),NY.GDP.PCAP.CD,2021,4642.607431
El Salvador,SLV,GDP per capita (current US$),NY.GDP.PCAP.CD,2022,5093.518339
El Salvador,SLV,GDP per capita (current US$),NY.GDP.PCAP.CD,2023,5391.069262
San Marino,SMR,GDP per capita (current US$),NY.GDP.PCAP.CD,2020,44426.64634
San Marino,SMR,GDP per capita (current US$),NY.GDP.PCAP.CD,2021,54168.98283
San Marino,SMR,GDP per capita (current US$),NY.GDP.PCAP.CD,2022,54264.5705
Somalia,SOM,GDP per capita (current US$),NY.GDP.PCAP.CD,2020,518.1847785
Somalia,SOM,GDP per capita (current US$),NY.GDP.PCAP.CD,2021,549.1147435
Somalia,SOM,GDP per capita (current US$),NY.GDP.PCAP.CD,2022,573.1280925
Somalia,SOM,GDP per capita (current US$),NY.GDP.PCAP.CD,2023,597.4588546
Serbia,SRB,GDP per capita (current US$),NY.GDP.PCAP.CD,2020,8098.709557
Serbia,SRB,GDP per capita (current US$),NY.GDP.PCAP.CD,2021,9680.527981
Serbia,SRB,GDP per capita (current US$),NY.GDP.PCAP.CD,2022,10022.96885
Serbia,SRB,GDP per capita (current US$),NY.GDP.PCAP.CD,2023,12281.50585
Sub-Saharan Africa (excluding high income),SSA,GDP per capita (current US$),NY.GDP.PCAP.CD,2020,1472.996712
Sub-Saharan Africa (excluding high income),SSA,GDP per capita (current US$),NY.GDP.PCAP.CD,2021,1612.770038
Sub-Saharan Africa (excluding high income),SSA,GDP per capita (current US$),NY.GDP.PCAP.CD,2022,1686.891375
Sub-Saharan Africa (excluding high income),SSA,GDP per capita (current US$),NY.GDP.PCAP.CD,2023,1621.261481
Sub-Saharan Africa,SSF,GDP per capita (current US$),NY.GDP.PCAP.CD,2020,1474.055311
Sub-Saharan Africa,SSF,GDP per capita (current US$),NY.GDP.PCAP.CD,2021,1613.87686
Sub-Saharan Africa,SSF,GDP per capita (current US$),NY.GDP.PCAP.CD,2022,1688.401084
Sub-Saharan Africa,SSF,GDP per capita (current US$),NY.GDP.PCAP.CD,2023,1622.807051
Small states,SST,GDP per capita (current US$),NY.GDP.PCAP.CD,2020,11381.5579
Small states,SST,GDP per capita (current US$),NY.GDP.PCAP.CD,2021,13092.49757
Small states,SST,GDP per capita (current US$),NY.GDP.PCAP.CD,2022,14371.49359
Small states,SST,GDP per capita (current US$),NY.GDP.PCAP.CD,2023,15086.09155
Sao Tome and Principe,STP,GDP per capita (current US$),NY.GDP.PCAP.CD,2020,2167.220018
Sao Tome and Principe,STP,GDP per capita (current US$),NY.GDP.PCAP.CD,2021,2362.588272
Sao Tome and Principe,STP,GDP per capita (current US$),NY.GDP.PCAP.CD,2022,2389.737298
Sao Tome and Principe,STP,GDP per capita (current US$),NY.GDP.PCAP.CD,2023,2940.933529
Suriname,SUR,GDP per capita (current US$),NY.GDP.PCAP.CD,2020,4755.392217
Suriname,SUR,GDP per capita (current US$),NY.GDP.PCAP.CD,2021,5029.848385
Suriname,SUR,GDP per capita (current US$),NY.GDP.PCAP.CD,2022,6084.438767
Suriname,SUR,GDP per capita (current US$),NY.GDP.PCAP.CD,2023,5494.074094
Slovak Republic,SVK,GDP per capita (current US$),NY.GDP.PCAP.CD,2020,19735.48583
Slovak Republic,SVK,GDP per capita (current US$),NY.GDP.PCAP.CD,2021,22138.19498
Slovak Republic,SVK,GDP per capita (current US$),NY.GDP.PCAP.CD,2022,21342.76667
Slovak Republic,SVK,GDP per capita (current US$),NY.GDP.PCAP.CD,2023,24491.37719
Slovenia,SVN,GDP per capita (current US$),NY.GDP.PCAP.CD,2020,25392.06511
Slovenia,SVN,GDP per capita (current US$),NY.GDP.PCAP.CD,2021,29187.36938
Slovenia,SVN,GDP per capita (current US$),NY.GDP.PCAP.CD,2022,28373.83823
Slovenia,SVN,GDP per capita (current US$),NY.GDP.PCAP.CD,2023,32610.11092
Sweden,SWE,GDP per capita (current US$),NY.GDP.PCAP.CD,2020,52653.75659
Sweden,SWE,GDP per capita (current US$),NY.GDP.PCAP.CD,2021,61174.96802
Sweden,SWE,GDP per capita (current US$),NY.GDP.PCAP.CD,2022,55296.93715
Sweden,SWE,GDP per capita (current US$),NY.GDP.PCAP.CD,2023,55516.83648
Eswatini,SWZ,GDP per capita (current US$),NY.GDP.PCAP.CD,2020,3442.321653
Eswatini,SWZ,GDP per capita (current US$),NY.GDP.PCAP.CD,2021,3926.486874
Eswatini,SWZ,GDP per capita (current US$),NY.GDP.PCAP.CD,2022,3852.085733
Eswatini,SWZ,GDP per capita (current US$),NY.GDP.PCAP.CD,2023,3610.608797
Sint Maarten (Dutch part),SXM,GDP per capita (current US$),NY.GDP.PCAP.CD,2020,30150.89984
Sint Maarten (Dutch part),SXM,GDP per capita (current US$),NY.GDP.PCAP.CD,2021,32548.43669
Sint Maarten (Dutch part),SXM,GDP per capita (current US$),NY.GDP.PCAP.CD,2022,36476.63008
Sint Maarten (Dutch part),SXM,GDP per capita (current US$),NY.GDP.PCAP.CD,2023,38077.54449
Seychelles,SYC,GDP per capita (current US$),NY.GDP.PCAP.CD,2020,14041.47541
Seychelles,SYC,GDP per capita (current US$),NY.GDP.PCAP.CD,2021,14982.91115
Seychelles,SYC,GDP per capita (current US$),NY.GDP.PCAP.CD,2022,17167.19098
Seychelles,SYC,GDP per capita (current US$),NY.GDP.PCAP.CD,2023,17879.23965
Syrian Arab Republic,SYR,GDP per capita (current US$),NY.GDP.PCAP.CD,2020,572.3552898
Syrian Arab Republic,SYR,GDP per capita (current US$),NY.GDP.PCAP.CD,2021,663.6142457
Syrian Arab Republic,SYR,GDP per capita (current US$),NY.GDP.PCAP.CD,2022,1051.671496
Turks and Caicos Islands,TCA,GDP per capita (current US$),NY.GDP.PCAP.CD,2020,17452.6578
Turks and Caicos Islands,TCA,GDP per capita (current US$),NY.GDP.PCAP.CD,2021,23114.79021
Turks and Caicos Islands,TCA,GDP per capita (current US$),NY.GDP.PCAP.CD,2022,26802.06738
Turks and Caicos Islands,TCA,GDP per capita (current US$),NY.GDP.PCAP.CD,2023,30348.81144
Chad,TCD,GDP per capita (current US$),NY.GDP.PCAP.CD,2020,622.0955434
Chad,TCD,GDP per capita (current US$),NY.GDP.PCAP.CD,2021,660.7471926
Chad,TCD,GDP per capita (current US$),NY.GDP.PCAP.CD,2022,671.7201476
Chad,TCD,GDP per capita (current US$),NY.GDP.PCAP.CD,2023,680.6398779
East Asia & Pacific (IDA & IBRD countries),TEA,GDP per capita (current US$),NY.GDP.PCAP.CD,2020,8338.13776
East Asia & Pacific (IDA & IBRD countries),TEA,GDP per capita (current US$),NY.GDP.PCAP.CD,2021,9905.154404
East Asia & Pacific (IDA & IBRD countries),TEA,GDP per capita (current US$),NY.GDP.PCAP.CD,2022,10012.44947
East Asia & Pacific (IDA & IBRD countries),TEA,GDP per capita (current US$),NY.GDP.PCAP.CD,2023,10011.99413
Europe & Central Asia (IDA & IBRD countries),TEC,GDP per capita (current US$),NY.GDP.PCAP.CD,2020,8443.061591
Europe & Central Asia (IDA & IBRD countries),TEC,GDP per capita (current US$),NY.GDP.PCAP.CD,2021,10010.77441
Europe & Central Asia (IDA & IBRD countries),TEC,GDP per capita (current US$),NY.GDP.PCAP.CD,2022,11351.00797
Europe & Central Asia (IDA & IBRD countries),TEC,GDP per capita (current US$),NY.GDP.PCAP.CD,2023,11977.33988
Togo,TGO,GDP per capita (current US$),NY.GDP.PCAP.CD,2020,853.5782203
Togo,TGO,GDP per capita (current US$),NY.GDP.PCAP.CD,2021,939.6133738
Togo,TGO,GDP per capita (current US$),NY.GDP.PCAP.CD,2022,898.7581544
Togo,TGO,GDP per capita (current US$),NY.GDP.PCAP.CD,2023,985.6975126
Thailand,THA,GDP per capita (current US$),NY.GDP.PCAP.CD,2020,6985.643939
Thailand,THA,GDP per capita (current US$),NY.GDP.PCAP.CD,2021,7058.0695
Thailand,THA,GDP per capita (current US$),NY.GDP.PCAP.CD,2022,6909.359975
Thailand,THA,GDP per capita (current US$),NY.GDP.PCAP.CD,2023,7182.025258
Tajikistan,TJK,GDP per capita (current US$),NY.GDP.PCAP.CD,2020,834.3117155
Tajikistan,TJK,GDP per capita (current US$),NY.GDP.PCAP.CD,2021,896.7480534
Tajikistan,TJK,GDP per capita (current US$),NY.GDP.PCAP.CD,2022,1052.179495
Tajikistan,TJK,GDP per capita (current US$),NY.GDP.PCAP.CD,2023,1160.81187
Turkmenistan,TKM,GDP per capita (current US$),NY.GDP.PCAP.CD,2020,6592.60146
Turkmenistan,TKM,GDP per capita (current US$),NY.GDP.PCAP.CD,2021,7051.202111
Turkmenistan,TKM,GDP per capita (current US$),NY.GDP.PCAP.CD,2022,8156.35212
Turkmenistan,TKM,GDP per capita (current US$),NY.GDP.PCAP.CD,2023,8232.65226
Latin America & the Caribbean (IDA & IBRD countries),TLA,GDP per capita (current US$),NY.GDP.PCAP.CD,2020,7240.560061
Latin America & the Caribbean (IDA & IBRD countries),TLA,GDP per capita (current US$),NY.GDP.PCAP.CD,2021,8382.654516
Latin America & the Caribbean (IDA & IBRD countries),TLA,GDP per capita (current US$),NY.GDP.PCAP.CD,2022,9483.706406
Latin America & the Caribbean (IDA & IBRD countries),TLA,GDP per capita (current US$),NY.GDP.PCAP.CD,2023,10553.71099
Timor-Leste,TLS,GDP per capita (current US$),NY.GDP.PCAP.CD,2020,1630.869354
Timor-Leste,TLS,GDP per capita (current US$),NY.GDP.PCAP.CD,2021,2684.827044
Timor-Leste,TLS,GDP per capita (current US$),NY.GDP.PCAP.CD,2022,2343.245247
Timor-Leste,TLS,GDP per capita (current US$),NY.GDP.PCAP.CD,2023,1502.519638
Middle East & North Africa (IDA & IBRD countries),TMN,GDP per capita (current US$),NY.GDP.PCAP.CD,2020,3174.944151
Middle East & North Africa (IDA & IBRD countries),TMN,GDP per capita (current US$),NY.GDP.PCAP.CD,2021,3653.411588
Middle East & North Africa (IDA & IBRD countries),TMN,GDP per capita (current US$),NY.GDP.PCAP.CD,2022,4032.804004
Middle East & North Africa (IDA & IBRD countries),TMN,GDP per capita (current US$),NY.GDP.PCAP.CD,2023,3802.179725
Tonga,TON,GDP per capita (current US$),NY.GDP.PCAP.CD,2020,4700.449328
Tonga,TON,GDP per capita (current US$),NY.GDP.PCAP.CD,2021,4912.579506
Tonga,TON,GDP per capita (current US$),NY.GDP.PCAP.CD,2022,4933.074791
South Asia (IDA & IBRD),TSA,GDP per capita (current US$),NY.GDP.PCAP.CD,2020,1843.195274
South Asia (IDA & IBRD),TSA,GDP per capita (current US$),NY.GDP.PCAP.CD,2021,2131.302296
South Asia (IDA & IBRD),TSA,GDP per capita (current US$),NY.GDP.PCAP.CD,2022,2239.516302
South Asia (IDA & IBRD),TSA,GDP per capita (current US$),NY.GDP.PCAP.CD,2023,2303.30291
Sub-Saharan Africa (IDA & IBRD countries),TSS,GDP per capita (current US$),NY.GDP.PCAP.CD,2020,1474.055311
Sub-Saharan Africa (IDA & IBRD countries),TSS,GDP per capita (current US$),NY.GDP.PCAP.CD,2021,1613.87686
Sub-Saharan Africa (IDA & IBRD countries),TSS,GDP per capita (current US$),NY.GDP.PCAP.CD,2022,1688.401084
Sub-Saharan Africa (IDA & IBRD countries),TSS,GDP per capita (current US$),NY.GDP.PCAP.CD,2023,1622.807051
Trinidad and Tobago,TTO,GDP per capita (current US$),NY.GDP.PCAP.CD,2020,15224.50835
Trinidad and Tobago,TTO,GDP per capita (current US$),NY.GDP.PCAP.CD,2021,17912.51062
Trinidad and Tobago,TTO,GDP per capita (current US$),NY.GDP.PCAP.CD,2022,22004.19979
Trinidad and Tobago,TTO,GDP per capita (current US$),NY.GDP.PCAP.CD,2023,20016.1503
Tunisia,TUN,GDP per capita (current US$),NY.GDP.PCAP.CD,2020,3548.653637
Tunisia,TUN,GDP per capita (current US$),NY.GDP.PCAP.CD,2021,3885.281665
Tunisia,TUN,GDP per capita (current US$),NY.GDP.PCAP.CD,2022,3678.400234
Tunisia,TUN,GDP per capita (current US$),NY.GDP.PCAP.CD,2023,3977.695166
Turkiye,TUR,GDP per capita (current US$),NY.GDP.PCAP.CD,2020,8638.739038
Turkiye,TUR,GDP per capita (current US$),NY.GDP.PCAP.CD,2021,9743.212778
Turkiye,TUR,GDP per capita (current US$),NY.GDP.PCAP.CD,2022,10674.50416
Turkiye,TUR,GDP per capita (current US$),NY.GDP.PCAP.CD,2023,13105.65857
Tuvalu,TUV,GDP per capita (current US$),NY.GDP.PCAP.CD,2020,4976.112541
Tuvalu,TUV,GDP per capita (current US$),NY.GDP.PCAP.CD,2021,5905.081981
Tuvalu,TUV,GDP per capita (current US$),NY.GDP.PCAP.CD,2022,5911.327271
Tuvalu,TUV,GDP per capita (current US$),NY.GDP.PCAP.CD,2023,6344.775019
Tanzania,TZA,GDP per capita (current US$),NY.GDP.PCAP.CD,2020,1117.415283
Tanzania,TZA,GDP per capita (current US$),NY.GDP.PCAP.CD,2021,1159.856567
Tanzania,TZA,GDP per capita (current US$),NY.GDP.PCAP.CD,2022,1207.853027
Tanzania,TZA,GDP per capita (current US$),NY.GDP.PCAP.CD,2023,1224.489624
Uganda,UGA,GDP per capita (current US$),NY.GDP.PCAP.CD,2020,845.7664639
Uganda,UGA,GDP per capita (current US$),NY.GDP.PCAP.CD,2021,882.7917175
Uganda,UGA,GDP per capita (current US$),NY.GDP.PCAP.CD,2022,963.0673141
Uganda,UGA,GDP per capita (current US$),NY.GDP.PCAP.CD,2023,1002.309139
Ukraine,UKR,GDP per capita (current US$),NY.GDP.PCAP.CD,2020,3709.769287
Ukraine,UKR,GDP per capita (current US$),NY.GDP.PCAP.CD,2021,4775.945801
Ukraine,UKR,GDP per capita (current US$),NY.GDP.PCAP.CD,2022,4199.670898
Ukraine,UKR,GDP per capita (current US$),NY.GDP.PCAP.CD,2023,5069.703125
Upper middle income,UMC,GDP per capita (current US$),NY.GDP.PCAP.CD,2020,8228.643366
Upper middle income,UMC,GDP per capita (current US$),NY.GDP.PCAP.CD,2021,9770.290697
Upper middle income,UMC,GDP per capita (current US$),NY.GDP.PCAP.CD,2022,10156.70472
Upper middle income,UMC,GDP per capita (current US$),NY.GDP.PCAP.CD,2023,10451.34455
Uruguay,URY,GDP per capita (current US$),NY.GDP.PCAP.CD,2020,15789.68574
Uruguay,URY,GDP per capita (current US$),NY.GDP.PCAP.CD,2021,17888.21151
Uruguay,URY,GDP per capita (current US$),NY.GDP.PCAP.CD,2022,20691.9739
Uruguay,URY,GDP per capita (current US$),NY.GDP.PCAP.CD,2023,22797.81117
United States,USA,GDP per capita (current US$),NY.GDP.PCAP.CD,2020,64411.37318
United States,USA,GDP per capita (current US$),NY.GDP.PCAP.CD,2021,71318.30736
United States,USA,GDP per capita (current US$),NY.GDP.PCAP.CD,2022,78035.17536
United States,USA,GDP per capita (current US$),NY.GDP.PCAP.CD,2023,82769.41221
Uzbekistan,UZB,GDP per capita (current US$),NY.GDP.PCAP.CD,2020,1978.280519
Uzbekistan,UZB,GDP per capita (current US$),NY.GDP.PCAP.CD,2021,2258.519641
Uzbekistan,UZB,GDP per capita (current US$),NY.GDP.PCAP.CD,2022,2578.666894
Uzbekistan,UZB,GDP per capita (current US$),NY.GDP.PCAP.CD,2023,2849.514611
St. Vincent and the Grenadines,VCT,GDP per capita (current US$),NY.GDP.PCAP.CD,2020,8395.099889
St. Vincent and the Grenadines,VCT,GDP per capita (current US$),NY.GDP.PCAP.CD,2021,8481.305374
St. Vincent and the Grenadines,VCT,GDP per capita (current US$),NY.GDP.PCAP.CD,2022,9471.146273
St. Vincent and the Grenadines,VCT,GDP per capita (current US$),NY.GDP.PCAP.CD,2023,10520.44415
Virgin Islands (U.S.),VIR,GDP per capita (current US$),NY.GDP.PCAP.CD,2020,39787.37417
Virgin Islands (U.S.),VIR,GDP per capita (current US$),NY.GDP.PCAP.CD,2021,42571.07774
Virgin Islands (U.S.),VIR,GDP per capita (current US$),NY.GDP.PCAP.CD,2022,44320.90919
Viet Nam,VNM,GDP per capita (current US$),NY.GDP.PCAP.CD,2020,3534.039535
Viet Nam,VNM,GDP per capita (current US$),NY.GDP.PCAP.CD,2021,3704.193559
Viet Nam,VNM,GDP per capita (current US$),NY.GDP.PCAP.CD,2022,4116.385761
Viet Nam,VNM,GDP per capita (current US$),NY.GDP.PCAP.CD,2023,4282.088517
Vanuatu,VUT,GDP per capita (current US$),NY.GDP.PCAP.CD,2020,3042.987116
Vanuatu,VUT,GDP per capita (current US$),NY.GDP.PCAP.CD,2021,3107.203129
Vanuatu,VUT,GDP per capita (current US$),NY.GDP.PCAP.CD,2022,3265.396451
Vanuatu,VUT,GDP per capita (current US$),NY.GDP.PCAP.CD,2023,3515.236336
World,WLD,GDP per capita (current US$),NY.GDP.PCAP.CD,2020,10916.68767
World,WLD,GDP per capita (current US$),NY.GDP.PCAP.CD,2021,12352.73608
World,WLD,GDP per capita (current US$),NY.GDP.PCAP.CD,2022,12737.31503
World,WLD,GDP per capita (current US$),NY.GDP.PCAP.CD,2023,13169.59823
Samoa,WSM,GDP per capita (current US$),NY.GDP.PCAP.CD,2020,4099.660091
Samoa,WSM,GDP per capita (current US$),NY.GDP.PCAP.CD,2021,3947.645179
Samoa,WSM,GDP per capita (current US$),NY.GDP.PCAP.CD,2022,3869.466395
Samoa,WSM,GDP per capita (current US$),NY.GDP.PCAP.CD,2023,4330.178405
Kosovo,XKX,GDP per capita (current US$),NY.GDP.PCAP.CD,2020,4310.888247
Kosovo,XKX,GDP per capita (current US$),NY.GDP.PCAP.CD,2021,5270.426702
Kosovo,XKX,GDP per capita (current US$),NY.GDP.PCAP.CD,2022,5290.947472
Kosovo,XKX,GDP per capita (current US$),NY.GDP.PCAP.CD,2023,5960.158205
"Yemen, Rep.",YEM,GDP per capita (current US$),NY.GDP.PCAP.CD,2020,559.5646728
"Yemen, Rep.",YEM,GDP per capita (current US$),NY.GDP.PCAP.CD,2021,522.1735127
"Yemen, Rep.",YEM,GDP per capita (current US$),NY.GDP.PCAP.CD,2022,615.7020793
"Yemen, Rep.",YEM,GDP per capita (current US$),NY.GDP.PCAP.CD,2023,477.4090287
South Africa,ZAF,GDP per capita (current US$),NY.GDP.PCAP.CD,2020,5580.603831
South Africa,ZAF,GDP per capita (current US$),NY.GDP.PCAP.CD,2021,6843.399419
South Africa,ZAF,GDP per capita (current US$),NY.GDP.PCAP.CD,2022,6523.410978
South Africa,ZAF,GDP per capita (current US$),NY.GDP.PCAP.CD,2023,6022.542542
Zambia,ZMB,GDP per capita (current US$),NY.GDP.PCAP.CD,2020,951.6443167
Zambia,ZMB,GDP per capita (current US$),NY.GDP.PCAP.CD,2021,1127.160779
Zambia,ZMB,GDP per capita (current US$),NY.GDP.PCAP.CD,2022,1447.123101
Zambia,ZMB,GDP per capita (current US$),NY.GDP.PCAP.CD,2023,1330.727806
Zimbabwe,ZWE,GDP per capita (current US$),NY.GDP.PCAP.CD,2020,1730.413489
Zimbabwe,ZWE,GDP per capita (current US$),NY.GDP.PCAP.CD,2021,1724.387731
Zimbabwe,ZWE,GDP per capita (current US$),NY.GDP.PCAP.CD,2022,2040.552459
Zimbabwe,ZWE,GDP per capita (current US$),NY.GDP.PCAP.CD,2023,2156.034004
